Trainee ID,Feedback ID,Date,Rating
23641,13,2023-11-19,2
23641,5,2023-10-31,1
23641,11,2023-08-24,2
23641,3,2023-05-30,4
23641,11,2024-06-23,5
20295,3,2023-09-04,2
20295,10,2024-07-09,2
20295,2,2024-03-04,2
24590,11,2024-07-23,2
24590,1,2024-11-09,2
24590,1,2024-07-09,1
21290,1,2024-06-06,3
21290,5,2024-03-12,5
23913,11,2023-05-08,2
23913,9,2023-03-05,2
20682,15,2023-11-05,3
20682,4,2023-12-13,5
20682,9,2024-01-04,2
20682,15,2023-12-14,3
22585,4,2025-05-31,1
22585,2,2025-02-04,4
22035,3,2025-07-26,1
22035,1,2025-10-27,2
22035,9,2025-03-13,2
22035,1,2025-10-07,3
24282,3,2022-11-26,4
24282,5,2023-01-04,2
20551,7,2024-06-22,1
20551,3,2024-06-20,4
20551,6,2025-08-23,4
23557,3,2024-08-17,5
23557,14,2024-08-11,3
24047,4,2023-09-29,5
24047,5,2023-10-02,2
24047,6,2024-05-23,5
24047,7,2023-09-29,4
24047,2,2024-01-02,1
20812,11,2022-12-29,2
23464,1,2022-09-02,5
23523,4,2025-04-17,2
23523,11,2024-11-18,3
22205,6,2023-08-02,1
20823,2,2024-07-17,2
20823,7,2024-04-21,5
20823,4,2024-06-04,1
21761,12,2024-09-25,5
20511,3,2024-05-01,4
23131,1,2023-06-14,4
20840,15,2022-11-24,3
20840,7,2022-12-20,4
20840,4,2023-01-22,3
20840,1,2022-11-16,5
24637,7,2024-04-01,4
24637,2,2024-03-22,2
20978,9,2025-03-22,4
20846,4,2022-08-22,4
20846,5,2022-07-16,2
20846,13,2022-05-30,1
23881,4,2024-07-21,1
23881,6,2024-06-18,1
23881,10,2024-12-19,1
23881,2,2024-05-01,5
20346,6,2021-10-07,4
20346,10,2022-12-17,2
20346,4,2022-05-20,3
20346,13,2022-09-03,1
20346,2,2021-09-07,1
24504,8,2022-07-31,1
24504,13,2022-07-26,4
20102,10,2023-04-09,2
20102,2,2023-03-09,5
21961,1,2021-10-26,3
21961,11,2021-12-18,1
21961,1,2021-12-15,1
21961,1,2021-07-18,5
21961,2,2021-08-20,4
21302,12,2022-05-18,3
21302,6,2022-06-08,2
21302,13,2022-06-26,4
21302,3,2022-06-11,2
21609,9,2022-11-26,5
21609,1,2023-02-10,2
21609,13,2023-05-17,5
21609,10,2023-06-07,2
24901,3,2022-05-20,1
24901,4,2022-06-15,4
22732,1,2025-01-23,1
22732,2,2024-06-01,4
20281,8,2022-08-21,1
20281,2,2022-09-30,4
20281,2,2022-10-16,5
20281,2,2022-08-04,3
20281,15,2022-02-22,2
21143,5,2023-03-06,5
21143,11,2022-09-05,4
21143,2,2022-07-19,3
21143,4,2022-11-22,3
21143,12,2023-06-14,1
24298,4,2024-05-04,3
24298,1,2024-03-12,5
24298,10,2023-10-27,3
24298,2,2024-05-13,1
20561,8,2022-06-02,2
20561,8,2022-01-15,2
20561,13,2022-02-21,3
20561,5,2022-02-26,5
24753,9,2024-08-21,1
24753,10,2024-08-03,1
20153,1,2025-02-10,5
20153,3,2024-07-03,5
20153,2,2025-09-10,3
20153,9,2024-07-21,3
20153,15,2025-06-04,2
21228,15,2024-06-25,3
21228,6,2024-02-16,2
21228,12,2024-03-07,2
21228,3,2024-03-31,4
21228,5,2024-04-24,5
22193,1,2023-05-02,5
22193,1,2023-04-18,3
23283,4,2024-01-08,2
23283,2,2023-08-30,4
23283,9,2024-01-20,1
23283,2,2023-08-06,1
23283,14,2023-09-29,2
24983,3,2024-12-22,2
21991,5,2024-03-18,2
21991,11,2024-07-04,2
21991,14,2024-02-03,3
23183,11,2022-08-13,5
23183,1,2022-10-28,5
23183,2,2022-11-26,2
23183,5,2022-11-17,4
22637,2,2021-07-19,1
22637,5,2021-07-19,2
22637,13,2021-06-25,2
22984,3,2024-06-17,4
22984,5,2025-01-23,5
20017,4,2024-05-03,2
20017,9,2024-05-28,2
24181,3,2023-03-28,1
24181,11,2024-03-29,4
24181,15,2023-04-19,4
24181,5,2023-08-13,4
24181,6,2024-10-05,1
21380,15,2023-09-18,5
20375,3,2022-12-01,3
20375,2,2023-01-24,5
20375,9,2022-12-01,5
23394,4,2023-05-23,5
20671,6,2022-07-18,2
22890,1,2021-11-05,5
22890,8,2022-05-20,5
22890,1,2022-01-16,3
22890,4,2022-03-10,4
22890,6,2021-07-01,5
20345,10,2023-12-20,3
20345,12,2023-01-09,1
20345,11,2023-09-04,5
20345,2,2023-03-13,3
22752,14,2024-01-30,4
22752,11,2023-06-01,5
22752,11,2024-01-06,1
24869,2,2023-11-22,5
24869,13,2024-03-11,1
22614,4,2022-07-10,2
22614,4,2023-01-08,1
22614,10,2022-08-06,5
20993,4,2025-01-01,1
20993,5,2024-12-31,1
21377,4,2023-08-03,5
21377,6,2023-01-26,4
21377,1,2023-04-12,5
21377,11,2023-03-19,5
21377,5,2023-03-05,5
22663,10,2023-01-16,5
22663,3,2022-11-24,3
20504,10,2023-10-27,4
20504,9,2024-03-02,1
20504,5,2023-12-09,1
20504,9,2024-06-18,1
24648,1,2023-03-15,4
24648,4,2023-05-07,5
24648,3,2023-01-11,3
22375,5,2024-01-27,1
22375,4,2023-05-25,2
22941,14,2023-01-09,2
20691,12,2024-11-26,1
20691,3,2025-04-30,4
20112,4,2023-04-21,3
20112,11,2023-10-29,3
20112,2,2024-01-25,4
20112,12,2023-12-02,3
20112,3,2023-12-17,4
23157,1,2024-12-28,1
23157,2,2025-01-05,1
23157,12,2025-07-22,3
22239,8,2023-09-04,3
22239,3,2024-03-13,4
22239,5,2023-08-12,4
23286,4,2023-05-06,5
23286,2,2023-04-05,1
23286,3,2023-10-08,2
23286,4,2023-04-30,5
23286,5,2023-04-05,1
23169,8,2022-02-10,1
23169,2,2022-08-31,4
23169,4,2022-09-29,5
21819,2,2023-06-18,3
21819,3,2023-03-20,5
21819,3,2023-02-20,3
21819,2,2023-02-10,2
21819,3,2023-05-15,4
21322,11,2024-01-05,3
21322,2,2023-10-03,1
21322,9,2024-07-07,4
21322,2,2024-03-28,5
21322,6,2024-08-07,2
20704,1,2024-09-01,5
20704,5,2025-03-05,5
20704,1,2024-06-01,4
20704,1,2024-04-04,4
24356,4,2024-02-18,1
24356,13,2023-09-09,3
24356,1,2023-02-14,2
24356,3,2023-01-08,3
22529,6,2025-03-21,2
22529,8,2025-03-14,2
22529,4,2025-03-05,5
22529,5,2024-09-06,5
22529,7,2025-06-13,2
22813,9,2023-04-28,1
22813,3,2023-03-24,1
22813,5,2022-12-16,4
22143,1,2024-05-11,2
22143,3,2024-06-29,5
22143,4,2024-06-28,3
22143,1,2024-04-26,3
22224,1,2023-12-04,5
22224,13,2023-11-15,3
22224,10,2023-11-28,4
22224,2,2023-11-07,2
21124,15,2023-10-16,4
21124,1,2022-11-30,4
21124,15,2023-05-01,1
21124,13,2022-10-01,1
22326,4,2022-07-10,4
22326,5,2022-09-11,3
22326,7,2022-08-29,2
22326,1,2022-07-12,5
21818,7,2024-05-28,5
21818,8,2024-04-07,2
22714,8,2025-02-20,2
22714,1,2024-03-06,1
24317,8,2024-05-22,4
24317,11,2024-10-23,1
24317,9,2024-04-13,4
24317,15,2024-12-24,2
24317,5,2024-06-30,2
20497,5,2024-01-26,5
20497,2,2023-04-11,3
20497,7,2023-06-18,5
20497,4,2023-08-25,3
23979,6,2022-04-03,2
23979,15,2022-04-24,5
23979,14,2022-05-23,1
23979,4,2022-04-30,2
23979,1,2022-05-11,2
22942,15,2022-12-05,5
22942,6,2023-02-26,3
22942,7,2022-12-14,5
21059,2,2024-06-07,2
21059,5,2023-06-19,2
21059,15,2024-06-14,2
21059,14,2023-04-14,2
21059,1,2024-11-29,5
23422,8,2024-07-07,2
23422,2,2024-07-04,4
23422,12,2024-08-14,2
21770,8,2022-02-28,1
21770,2,2022-09-21,4
21770,4,2022-05-02,2
21770,14,2022-10-06,2
22266,3,2022-04-27,4
22266,11,2023-02-08,2
23709,7,2024-05-26,3
23709,3,2024-08-10,5
23709,15,2024-04-13,3
23709,15,2024-06-11,4
22209,1,2022-03-07,1
22209,6,2022-04-26,3
22209,2,2022-04-19,2
22209,2,2022-05-21,3
24499,4,2024-04-09,1
24499,6,2024-06-17,4
24499,4,2024-11-28,3
20882,8,2023-06-28,4
20882,9,2023-05-19,5
20882,15,2023-06-10,5
20119,2,2023-07-29,5
20119,11,2023-04-18,4
24425,13,2022-12-04,1
20708,14,2022-04-26,3
20708,1,2022-07-11,5
20708,2,2022-03-17,2
23153,11,2023-05-06,5
23153,15,2023-10-17,2
22185,4,2024-03-09,3
23809,8,2022-11-10,3
23809,12,2023-06-27,1
23809,14,2023-03-28,5
23809,13,2023-02-23,2
23892,5,2024-06-13,1
23892,1,2025-08-05,4
23892,5,2024-06-03,4
23737,9,2023-08-07,5
23737,8,2023-01-14,3
23737,2,2023-02-04,5
23737,9,2023-10-10,3
23737,2,2023-07-10,3
23695,12,2023-02-10,4
23695,2,2022-10-28,2
23695,9,2022-10-15,4
23695,10,2022-10-28,4
23695,3,2022-11-22,4
21464,9,2024-06-23,3
21464,14,2023-12-12,2
21464,13,2023-12-29,5
22964,4,2023-01-17,1
22964,2,2022-07-30,2
22964,4,2022-10-27,3
22964,3,2022-04-26,1
22964,3,2022-09-30,5
20641,4,2023-06-15,3
20641,3,2023-03-20,4
20058,10,2024-10-17,3
20058,1,2025-09-19,3
21393,3,2023-08-18,4
23490,4,2022-07-24,5
22828,12,2023-03-15,1
22828,5,2023-03-09,3
22828,10,2023-07-07,1
22828,11,2023-04-09,2
22828,10,2023-03-31,5
22455,14,2023-03-19,5
22455,1,2023-02-20,4
22455,5,2023-12-04,4
22455,10,2024-04-05,3
20687,8,2023-12-09,3
20687,7,2023-09-28,2
20687,7,2023-08-23,1
22112,4,2023-11-13,1
22112,13,2023-11-03,5
22112,4,2024-03-11,4
22112,9,2024-03-07,5
21475,4,2024-07-09,4
22370,11,2023-05-21,1
22370,12,2023-06-29,3
22370,12,2023-05-23,1
20672,4,2021-09-01,4
20672,5,2021-09-13,1
20994,11,2022-08-26,5
20994,5,2021-11-16,2
20994,15,2022-03-03,3
20880,15,2023-08-12,1
20880,8,2023-07-09,3
21532,4,2024-08-23,3
21532,6,2024-08-17,3
21532,10,2024-10-17,1
20804,12,2023-03-04,4
20804,9,2023-04-27,3
20804,4,2023-04-26,2
20804,5,2023-04-02,2
20804,4,2023-04-23,4
20987,12,2022-10-13,3
20005,1,2024-03-28,4
20005,15,2024-02-14,2
21854,4,2022-10-22,5
21854,5,2022-09-05,3
21854,6,2023-05-12,4
22332,8,2024-05-17,2
22332,11,2024-02-28,3
22331,10,2024-08-10,1
22331,4,2024-12-23,1
22331,2,2024-06-09,4
20877,13,2024-09-16,1
20877,2,2024-10-09,2
20877,3,2024-05-15,3
21326,3,2022-09-05,2
21326,2,2022-06-27,4
23616,1,2024-03-04,2
23616,4,2023-05-26,2
23616,4,2024-02-29,4
21554,10,2022-11-19,4
21554,8,2022-11-23,5
21554,4,2023-02-13,5
21554,1,2022-12-01,4
20474,2,2023-12-01,2
20474,14,2023-12-04,2
23578,9,2025-03-30,3
23578,4,2025-01-23,1
23578,1,2025-05-12,4
23578,4,2025-02-25,1
22388,7,2022-08-25,5
22388,5,2022-10-22,2
22388,1,2022-06-04,2
22299,2,2025-03-05,5
22299,7,2025-11-10,1
22299,7,2025-11-06,4
22299,11,2025-10-08,3
22299,2,2024-11-24,3
23307,1,2023-01-21,3
23307,8,2023-02-20,2
23307,4,2023-04-23,2
23307,4,2022-11-30,3
24212,13,2025-07-10,3
24212,14,2025-02-14,4
24212,1,2024-06-03,3
24212,4,2025-05-30,1
20761,15,2024-02-21,4
24570,8,2022-02-01,3
24570,4,2021-09-10,3
24570,4,2021-11-21,4
24570,5,2021-09-01,5
22624,3,2023-08-07,4
22624,5,2023-10-01,5
24430,14,2023-09-25,2
24430,10,2024-03-12,5
24430,13,2023-09-21,4
20677,14,2022-09-07,4
20677,6,2023-03-26,2
20047,5,2023-03-25,4
24749,5,2024-07-30,5
24749,8,2024-01-03,3
24749,9,2024-02-04,1
22578,5,2025-03-01,1
22578,7,2024-12-09,1
21968,3,2024-09-06,1
21968,1,2025-08-26,3
21968,7,2024-10-29,2
20765,5,2022-12-21,5
20765,10,2022-08-05,2
20765,2,2022-04-03,1
20765,11,2023-09-06,5
20250,7,2023-05-04,3
20250,13,2022-12-07,2
23188,4,2024-12-01,2
23188,2,2024-08-17,4
23121,2,2023-06-09,5
23121,4,2023-04-21,5
23121,11,2022-12-23,3
23121,2,2022-12-28,2
23121,2,2023-11-30,4
24372,6,2023-12-10,5
24372,6,2023-12-13,1
24372,7,2024-02-10,4
24372,14,2024-02-22,1
24372,5,2024-01-31,5
22985,15,2023-01-20,4
22985,10,2022-12-21,5
22536,4,2023-09-10,5
22536,5,2023-07-16,5
22536,1,2023-10-07,3
22536,3,2023-10-07,4
22536,9,2023-07-19,1
24670,4,2023-07-06,4
24670,3,2023-08-25,3
20662,15,2022-08-02,4
20662,4,2022-08-31,3
20662,5,2022-08-10,3
20662,15,2022-08-06,1
20662,5,2022-09-01,3
22816,5,2022-06-24,4
22051,13,2023-01-16,4
22051,15,2023-01-26,3
22051,4,2023-01-09,4
22051,2,2023-02-10,3
24214,3,2023-05-21,1
24442,7,2023-06-13,5
24442,4,2022-12-09,5
24442,15,2023-02-05,2
20297,1,2023-10-01,2
24542,4,2023-12-09,1
24542,5,2023-11-14,3
22131,10,2023-11-09,1
22131,11,2024-03-20,5
22131,7,2025-09-09,2
22131,8,2025-08-23,3
21939,5,2024-05-03,2
21122,13,2024-02-04,5
21122,5,2024-02-19,3
22887,15,2024-07-16,5
24351,3,2021-10-18,3
22099,4,2024-08-09,5
22099,8,2024-02-12,4
22099,3,2024-11-24,4
22099,2,2024-10-24,5
21704,13,2023-04-08,1
21704,9,2023-03-30,2
21704,14,2023-05-06,4
21704,9,2023-05-06,2
20822,1,2022-03-26,3
20822,10,2022-03-02,2
20822,3,2022-03-17,5
20822,4,2022-04-25,3
22552,12,2024-02-24,1
22552,9,2023-12-28,2
22552,4,2024-08-17,4
22552,2,2023-04-11,1
20722,6,2023-08-06,1
20722,7,2023-08-16,1
20639,4,2022-11-08,5
23760,2,2023-03-17,4
23760,2,2023-04-11,2
24288,2,2023-12-25,3
24288,2,2024-11-09,1
24288,2,2025-05-06,4
24288,5,2025-01-16,4
22004,1,2025-09-11,1
22004,13,2025-04-30,3
22004,10,2024-08-10,1
22004,10,2025-10-24,5
20768,12,2024-03-06,1
20768,6,2024-02-24,5
20768,10,2024-07-03,3
20768,10,2023-09-08,1
23949,7,2023-01-24,5
22373,3,2023-10-01,3
22373,1,2024-09-26,4
21638,13,2025-04-19,2
21638,6,2024-10-09,2
21638,7,2025-03-11,3
21638,7,2025-03-26,5
21638,5,2024-09-05,3
21501,5,2024-01-18,3
23347,3,2023-07-27,1
22719,15,2022-12-23,5
22719,1,2022-07-01,2
22719,9,2022-01-28,4
22719,5,2023-01-17,5
22719,7,2023-01-04,4
22958,2,2025-09-17,5
22958,5,2025-11-18,3
22958,4,2025-11-12,5
20786,4,2023-09-11,3
20786,7,2023-09-08,5
20786,11,2023-06-13,2
20786,12,2023-10-05,3
22661,3,2024-08-04,4
22661,5,2025-02-05,5
22661,4,2025-02-09,2
22661,4,2025-07-28,4
20611,5,2022-09-07,2
20611,9,2022-08-28,3
20007,1,2022-03-18,3
20007,4,2022-09-07,2
22903,11,2024-09-26,1
22903,3,2024-08-04,1
22903,3,2024-09-03,5
22903,2,2024-08-17,1
22903,10,2024-09-26,2
24706,2,2024-10-14,4
24032,7,2022-08-18,5
24032,5,2022-04-09,5
24032,9,2021-12-09,1
20001,5,2022-07-27,2
20001,2,2022-08-03,2
20001,1,2022-05-23,2
20001,5,2022-05-18,2
20001,15,2022-08-07,4
21375,6,2022-12-19,5
21375,3,2023-03-18,5
21375,6,2023-03-09,5
21375,5,2023-03-15,2
21375,11,2022-12-21,1
24438,2,2023-12-23,2
24438,14,2024-02-14,1
24583,5,2021-12-18,2
24583,1,2021-11-27,3
24583,15,2021-12-20,3
24583,1,2021-12-07,1
20255,10,2023-08-08,5
20255,3,2024-11-18,3
20255,5,2024-02-01,5
20255,15,2025-01-01,3
20255,1,2025-04-06,5
21774,6,2023-08-20,4
21774,4,2023-09-02,3
22922,11,2022-09-21,4
22922,15,2022-07-03,2
22922,5,2023-01-14,2
22922,7,2023-01-06,2
22922,7,2023-03-13,1
20523,12,2024-02-09,4
23730,3,2021-10-03,3
23730,4,2022-05-01,5
23730,6,2022-04-04,2
23730,14,2022-01-27,5
23730,14,2021-10-18,1
22022,4,2024-07-13,2
22864,3,2024-09-21,3
22864,3,2024-04-11,4
21957,7,2023-06-19,4
21957,3,2023-07-27,3
24685,15,2023-07-06,1
24685,3,2023-05-19,3
24685,4,2023-07-25,3
23270,13,2024-05-16,4
21820,5,2021-10-10,1
21820,15,2022-01-11,1
21820,9,2023-06-20,5
23103,5,2025-07-11,4
23103,12,2025-07-16,1
23103,11,2025-04-21,1
22825,9,2024-09-14,2
22546,11,2021-11-22,2
22546,1,2021-10-08,2
22546,10,2021-12-04,5
22546,2,2021-12-06,4
22546,9,2021-11-09,2
23009,11,2024-03-21,3
24615,4,2023-10-19,2
24615,12,2022-12-06,4
24615,12,2023-05-28,1
24615,3,2024-01-20,4
20354,2,2023-05-02,1
20354,7,2023-08-27,4
21997,1,2024-11-23,2
21997,15,2024-11-13,2
21997,10,2024-09-09,5
24202,10,2024-11-07,3
24202,11,2024-10-08,2
24202,9,2024-05-11,5
24202,5,2024-11-07,2
20477,14,2025-04-21,3
20477,4,2025-01-25,2
24036,1,2022-11-29,1
22383,11,2024-10-23,4
22383,2,2024-03-13,2
22383,5,2023-11-22,3
22383,5,2024-05-13,1
24866,12,2023-02-12,1
24866,9,2023-04-25,1
24866,10,2023-01-27,1
24866,6,2023-04-03,1
23041,2,2023-09-01,1
23041,5,2023-08-13,1
22696,8,2022-09-16,4
22696,6,2022-07-02,5
22696,1,2022-06-24,4
22696,1,2022-07-10,5
21369,4,2025-05-09,4
21369,9,2025-02-07,4
21369,1,2025-04-17,5
21369,1,2025-01-30,4
22217,10,2023-09-24,4
22217,15,2023-12-24,2
22217,4,2023-09-09,2
22217,4,2023-09-07,2
22944,11,2023-11-02,4
21654,2,2024-05-04,4
21654,4,2024-02-03,4
21654,14,2024-06-06,1
23433,9,2023-08-28,3
23433,3,2024-01-10,3
23433,6,2023-10-05,4
23433,15,2023-08-07,3
20103,12,2025-01-05,1
20103,11,2024-06-30,4
20103,15,2025-04-27,5
20103,11,2025-05-17,5
20103,8,2025-04-04,1
21508,14,2024-01-22,1
21508,4,2024-07-07,2
21508,11,2024-07-11,3
21508,5,2024-10-22,1
21508,1,2024-09-16,1
21666,13,2022-11-02,5
21666,8,2022-04-26,1
21666,11,2022-10-30,2
23575,12,2023-05-04,2
23575,5,2024-01-28,3
23575,12,2023-05-26,1
23575,10,2024-02-09,5
24617,7,2023-09-28,5
24617,4,2023-10-17,4
24617,9,2023-10-04,2
24617,15,2023-10-08,2
24950,1,2021-12-28,3
24653,14,2023-05-27,3
20220,5,2024-08-04,3
20220,2,2024-01-09,2
20220,4,2023-12-17,4
22527,3,2023-10-03,3
23973,7,2022-08-22,2
23973,7,2022-09-26,4
23973,1,2022-09-18,3
23973,2,2022-09-19,4
23973,12,2022-08-14,2
23848,6,2025-07-25,1
23848,4,2025-10-29,2
24010,5,2023-07-18,2
24010,6,2023-08-05,3
24010,5,2023-11-10,5
22928,4,2023-10-09,5
22928,5,2023-06-17,5
22928,2,2023-06-24,1
20914,3,2024-02-10,2
20914,4,2024-01-13,3
20914,13,2023-12-19,4
22090,3,2024-11-16,4
22090,6,2024-06-06,5
22790,5,2024-09-27,1
22790,12,2025-02-15,1
22790,4,2025-05-23,4
22790,1,2025-07-12,1
20226,12,2024-07-05,1
20226,15,2024-03-18,4
20226,3,2024-10-10,2
23870,9,2023-05-07,4
23870,9,2023-01-07,3
23870,8,2023-07-30,1
22106,13,2024-08-04,3
22106,8,2024-08-24,5
22106,2,2024-05-10,4
21116,5,2023-07-25,1
21116,5,2023-07-26,2
21116,3,2023-09-17,5
21116,6,2023-09-29,3
21116,4,2023-08-06,4
20087,8,2024-04-23,3
24994,3,2025-01-22,5
24994,7,2024-06-18,5
24994,9,2024-08-04,3
24994,11,2025-07-03,5
20204,4,2024-02-04,5
20204,10,2024-02-23,3
20204,6,2024-02-16,3
20204,8,2024-01-07,1
20204,15,2024-02-25,4
23704,11,2023-08-15,1
23704,9,2023-12-14,5
23704,14,2024-03-30,3
23704,9,2024-02-17,4
20115,2,2024-01-19,2
20115,6,2024-01-13,4
20115,15,2024-03-02,3
20115,14,2024-03-24,1
24409,1,2023-07-13,3
22611,3,2024-08-08,3
22611,3,2024-07-03,1
22611,1,2024-05-01,2
23583,11,2024-10-16,2
21894,1,2025-11-04,3
24534,4,2022-02-28,5
24534,10,2022-11-16,5
24534,3,2022-04-17,1
24534,1,2022-03-06,2
24534,6,2022-09-05,4
23703,2,2023-11-30,2
21935,1,2024-04-02,1
21935,4,2024-04-05,4
24905,1,2023-06-25,4
23884,4,2023-07-20,2
23884,9,2023-04-02,3
23884,2,2023-08-09,3
23884,15,2024-09-18,1
23676,6,2023-09-02,1
23676,5,2023-07-10,2
23676,5,2023-05-28,4
23676,1,2024-04-14,4
23676,9,2023-09-25,4
22064,3,2024-10-16,3
22064,1,2025-09-27,4
22064,15,2024-04-24,4
22064,12,2025-03-24,4
22064,7,2025-06-28,4
24751,2,2023-09-21,5
24751,6,2025-02-28,1
24751,14,2025-04-30,4
24751,2,2025-01-04,2
24751,13,2024-01-24,4
21886,1,2024-10-23,4
21886,15,2024-10-12,2
21886,1,2024-09-20,5
23976,10,2023-10-20,2
23976,4,2024-03-08,3
23976,1,2024-06-11,1
23976,9,2023-11-15,4
23976,1,2024-06-09,5
22069,3,2024-04-01,4
22069,7,2023-10-26,4
22069,2,2024-01-19,4
22069,2,2024-01-21,3
22069,2,2024-01-28,1
21712,12,2025-09-08,1
21712,9,2025-07-17,5
21712,15,2025-01-08,2
21712,5,2025-05-10,5
21420,15,2024-11-22,4
21420,12,2024-11-01,5
21420,14,2025-03-03,2
21420,5,2025-02-06,1
21334,2,2024-10-14,2
21334,13,2024-04-15,5
21334,3,2023-09-05,5
21334,2,2024-10-27,5
22751,9,2024-03-18,5
22751,4,2024-03-21,2
22751,14,2024-02-18,2
22751,1,2023-09-28,1
22751,8,2024-01-19,5
24107,7,2024-08-20,3
24107,2,2024-10-17,5
22479,10,2023-10-06,5
22479,14,2023-10-03,2
22479,9,2024-01-14,5
22479,1,2024-06-20,2
23415,13,2022-12-05,3
23415,5,2023-08-21,5
23415,12,2022-10-14,4
23415,12,2022-12-10,1
22272,5,2023-10-20,2
22272,10,2024-10-03,1
22272,14,2023-08-26,1
22272,2,2024-05-16,4
21360,2,2022-01-01,3
21360,15,2022-04-10,3
21360,9,2022-03-03,1
22657,14,2023-07-16,3
22657,3,2022-09-20,3
21719,4,2024-09-28,2
22844,12,2024-04-25,1
22844,4,2025-07-03,4
22844,5,2024-07-31,4
24828,2,2025-02-12,2
24863,1,2023-07-12,4
24863,2,2023-09-19,4
24863,12,2024-01-22,5
24863,1,2023-04-13,4
24816,8,2023-05-18,4
24816,3,2023-07-15,2
24591,2,2023-06-07,5
24591,1,2023-08-16,1
23128,8,2023-08-17,1
23128,9,2024-01-11,3
23128,1,2024-01-08,4
23128,8,2024-01-20,1
23128,5,2023-10-20,2
21112,12,2024-05-03,3
21112,10,2024-06-14,5
22591,13,2023-03-27,3
22591,13,2022-09-11,3
24311,13,2022-05-10,1
24311,11,2022-10-20,1
22692,4,2024-03-27,4
22692,6,2024-07-12,4
22692,3,2024-02-06,2
23291,2,2024-02-05,1
23291,1,2024-07-26,5
23291,6,2023-12-07,4
23291,1,2024-07-18,5
23291,11,2024-01-23,2
21168,13,2024-06-06,2
21168,15,2024-07-09,1
21168,5,2024-07-07,4
21168,10,2024-06-03,2
21917,5,2022-12-02,3
21917,11,2023-08-22,1
21917,4,2023-04-13,5
21830,3,2023-09-07,2
21830,13,2024-04-24,4
21830,5,2023-11-06,3
21830,9,2023-11-06,4
21830,11,2023-11-21,1
20371,4,2023-12-11,1
20371,1,2023-11-02,5
20371,5,2024-05-25,1
20371,4,2024-04-10,1
20371,6,2024-03-13,2
21953,10,2024-04-24,1
21953,8,2024-06-08,5
21031,4,2023-12-13,2
21031,13,2024-02-05,5
21031,4,2024-11-15,4
21520,3,2024-02-25,5
21520,8,2024-06-06,4
21520,5,2023-11-09,5
21035,10,2023-04-13,3
21035,10,2023-03-30,5
21035,3,2023-04-03,5
24423,2,2023-04-22,4
24423,15,2023-01-08,2
20045,2,2023-10-26,1
20045,8,2022-10-21,1
20045,12,2022-12-22,1
20045,3,2022-03-23,5
20045,1,2022-12-27,5
20915,2,2024-02-09,3
20915,4,2024-07-03,4
20915,6,2024-02-22,3
20915,1,2023-10-13,5
20915,4,2024-06-21,5
22610,1,2024-08-02,1
22697,2,2025-05-01,3
24328,14,2024-01-09,5
24328,3,2023-12-08,1
20270,1,2024-08-16,3
20270,1,2024-04-25,4
20270,10,2024-06-28,3
20270,11,2024-09-27,1
20270,12,2024-06-02,3
20690,4,2022-10-07,3
20690,6,2023-01-14,1
20690,6,2022-06-07,2
20108,13,2022-07-24,4
20108,4,2022-08-11,2
21430,1,2025-08-02,4
21082,4,2021-10-11,5
21082,3,2021-08-04,1
21082,6,2021-10-23,3
21082,2,2021-08-12,5
23370,4,2024-05-29,4
23370,6,2024-07-27,3
23370,12,2024-07-22,1
20274,9,2025-04-05,1
20274,2,2025-07-22,4
20274,2,2025-02-08,2
20274,2,2025-04-01,1
20274,5,2025-09-18,4
22901,4,2025-08-09,4
22901,3,2025-02-04,2
22901,4,2025-03-18,2
20074,3,2024-08-03,3
21117,14,2025-04-28,2
21117,15,2025-02-21,3
21117,3,2024-09-24,2
21117,10,2024-10-19,4
21538,4,2022-04-28,1
21538,1,2022-04-18,3
21107,15,2025-01-15,2
21107,5,2025-02-21,1
21107,8,2025-07-28,3
21107,10,2024-11-21,2
20779,4,2025-01-24,4
20779,15,2024-12-11,2
20779,13,2024-12-15,2
20638,8,2024-12-15,2
20638,9,2024-12-05,2
22067,5,2024-12-04,5
22067,14,2025-06-06,1
22067,4,2024-10-18,5
21135,9,2024-02-24,4
22216,13,2023-10-01,2
22216,9,2023-05-01,2
21825,9,2025-03-09,1
21316,4,2023-09-30,2
21316,8,2022-12-20,3
21316,13,2023-07-21,5
21316,8,2022-10-24,2
22633,1,2024-03-31,2
22633,4,2024-03-25,3
22633,10,2023-11-04,3
22633,4,2024-03-16,3
22633,10,2023-10-30,4
24340,10,2023-05-06,5
24340,15,2022-11-26,5
24340,1,2023-02-07,2
24322,1,2023-01-27,5
23788,12,2022-06-25,3
23788,12,2022-07-19,3
23788,15,2022-09-07,2
22133,12,2022-03-26,1
22133,5,2022-05-04,4
22133,9,2022-02-27,2
22133,1,2022-03-24,5
24433,6,2025-02-18,2
20756,13,2024-09-09,1
20756,11,2024-09-23,2
20756,2,2025-06-22,4
20756,1,2023-09-16,2
20756,7,2024-12-13,4
24858,3,2024-09-06,3
24858,9,2025-03-18,4
24858,4,2024-10-08,1
24858,15,2024-08-26,2
24858,4,2025-01-04,1
24814,3,2023-01-26,2
24814,2,2022-09-20,2
24814,3,2023-03-12,1
24814,1,2022-07-04,3
21206,12,2022-07-29,2
21206,2,2022-09-15,1
21206,6,2022-09-11,2
21206,11,2022-08-07,3
20478,3,2023-06-14,2
20478,3,2024-12-20,4
23770,1,2022-11-16,1
23770,4,2022-04-18,1
23770,4,2022-04-09,2
23770,1,2022-02-26,5
23770,14,2022-02-07,2
20305,4,2023-02-02,3
20305,11,2023-02-05,1
20305,1,2023-01-10,5
20305,10,2023-01-28,5
24675,2,2022-12-21,1
24675,8,2022-04-28,4
24675,6,2022-08-19,4
24675,8,2022-07-01,1
24113,15,2022-01-26,5
24113,14,2021-11-19,1
20057,5,2023-06-24,4
20057,11,2023-10-21,2
20057,5,2023-08-14,2
20057,11,2023-02-05,1
20057,7,2023-02-15,4
20124,2,2022-07-05,4
20124,15,2022-07-24,3
20124,2,2023-02-11,2
20124,1,2022-08-09,4
21087,14,2023-07-06,4
21087,2,2023-06-16,3
21087,1,2023-07-03,2
21087,3,2023-11-05,1
21087,1,2023-10-10,5
20789,4,2024-03-29,5
20789,4,2024-06-01,1
20789,3,2024-05-21,1
20789,9,2024-06-13,4
20789,5,2024-06-01,4
24709,5,2022-01-14,2
24709,5,2022-02-11,2
24709,5,2022-03-31,2
24709,3,2022-01-13,4
24709,3,2022-02-06,3
21789,15,2022-07-14,1
22122,7,2023-09-30,1
22122,3,2024-01-06,5
22122,5,2023-12-13,1
22122,4,2023-11-03,4
21175,11,2023-08-13,4
21175,5,2023-04-18,5
21175,5,2024-01-21,3
21175,12,2024-01-13,3
21175,3,2023-06-12,4
24844,5,2023-09-12,1
24844,9,2023-10-06,2
24844,3,2023-11-18,2
24844,13,2023-09-08,1
21845,7,2023-06-15,2
21845,2,2023-08-17,1
21845,14,2023-11-11,3
21845,4,2023-10-24,2
22159,8,2024-04-10,1
22159,1,2024-09-04,5
22159,3,2024-09-26,4
22159,4,2024-03-29,2
22159,8,2024-10-14,4
24204,3,2023-10-21,4
22348,1,2022-11-16,4
22348,11,2023-06-15,4
22348,4,2023-06-16,2
22348,12,2023-03-04,1
22348,7,2023-02-07,3
23893,14,2022-09-10,3
23893,6,2022-08-08,3
23893,12,2022-07-18,2
23831,10,2024-03-26,3
23831,6,2024-01-18,5
23831,12,2023-12-23,3
23831,3,2025-05-09,3
23831,5,2025-02-25,5
21151,7,2023-09-14,5
21151,7,2023-04-04,2
21151,2,2023-06-28,1
21151,3,2022-11-09,3
21151,1,2024-05-20,2
24746,10,2023-02-09,4
24746,4,2023-04-26,4
24746,12,2023-04-17,1
24746,5,2023-04-09,1
24020,2,2024-08-13,5
24020,7,2024-07-17,1
24020,11,2024-10-18,5
24020,2,2024-11-20,4
24020,10,2024-04-07,2
22927,3,2023-12-14,2
22927,15,2024-08-11,4
22927,1,2024-07-22,1
23771,1,2023-05-16,2
23771,11,2023-07-06,4
23727,4,2023-01-11,2
23727,6,2023-03-03,4
20694,9,2024-05-04,3
20694,6,2024-07-11,4
20694,6,2025-07-18,5
20694,13,2024-01-02,5
24550,2,2022-09-09,5
24550,4,2022-07-13,1
24550,10,2023-11-25,4
24550,12,2024-03-31,5
22693,4,2023-07-07,4
22693,2,2023-09-16,1
22693,1,2023-09-16,3
24820,7,2024-12-18,5
24374,6,2023-09-30,2
21874,8,2025-02-19,5
21874,4,2025-01-27,3
21874,6,2025-04-03,3
21874,8,2025-02-25,4
21892,13,2023-08-25,3
21892,6,2023-08-24,1
21892,5,2023-08-06,2
24501,10,2024-04-02,1
23984,12,2023-05-10,2
23984,14,2023-08-29,4
23984,6,2023-09-11,5
23984,13,2023-06-17,3
23984,14,2023-12-21,2
21102,15,2024-09-11,1
20755,14,2022-04-09,4
20755,6,2022-05-21,1
20755,4,2022-05-26,2
20755,4,2022-05-27,5
24787,2,2024-01-06,1
24787,1,2024-03-24,4
24787,8,2024-03-16,1
24787,14,2024-04-20,4
24787,3,2023-12-16,5
24887,5,2025-06-26,3
24887,11,2024-11-21,5
24887,13,2025-06-01,4
23320,1,2022-07-03,1
23320,2,2022-04-28,3
23320,5,2022-06-11,4
23320,4,2022-04-24,4
23792,10,2023-08-18,5
23792,9,2023-07-12,2
23792,5,2023-07-14,4
23792,4,2023-09-02,1
23792,3,2023-09-02,3
20870,5,2025-02-24,1
20870,3,2024-12-20,5
23499,3,2025-07-05,2
23499,13,2025-05-02,1
22794,5,2024-08-19,2
22794,6,2024-11-19,1
22794,14,2025-04-05,3
22794,2,2024-11-25,3
24693,10,2021-08-01,4
24693,15,2021-09-21,1
24008,9,2023-05-05,5
21411,5,2024-04-24,5
21411,8,2024-03-06,1
21411,12,2024-08-14,5
23673,10,2025-05-20,2
21051,1,2024-10-09,1
20958,3,2024-04-29,2
22013,1,2023-12-30,5
22013,10,2024-01-10,3
22013,14,2024-01-08,5
22013,14,2023-11-16,2
22872,8,2025-03-25,3
23879,15,2025-05-28,3
20859,9,2024-02-04,4
20859,2,2023-10-14,5
20117,4,2024-07-04,5
20117,1,2024-04-01,1
24096,8,2023-02-06,4
24096,8,2022-12-22,5
24444,3,2024-07-13,2
21321,2,2025-04-17,5
21321,5,2025-03-13,3
21321,3,2025-04-08,1
21321,5,2024-02-28,1
21321,2,2024-09-22,5
20919,11,2025-03-29,5
20919,3,2024-11-08,4
21679,2,2025-05-12,4
21679,12,2025-09-02,1
20908,12,2022-07-07,5
20908,4,2022-04-24,2
20908,10,2022-06-20,3
24975,11,2025-04-22,4
24975,1,2025-06-25,1
24975,8,2025-04-08,5
22665,10,2023-08-29,5
22665,7,2023-07-03,5
22665,5,2023-06-06,5
22665,2,2023-06-02,2
22665,9,2023-08-14,2
23915,10,2023-05-24,1
23915,9,2023-07-26,5
22113,13,2022-11-15,3
23064,12,2023-06-02,3
20632,4,2023-07-05,2
20632,4,2023-09-20,1
22754,11,2022-12-05,2
22754,3,2023-01-07,4
22754,2,2022-10-21,2
23694,4,2022-09-20,5
23233,12,2023-12-31,4
23233,3,2023-09-29,5
23233,7,2023-09-12,4
23233,8,2023-08-27,1
24761,5,2023-11-28,3
20796,5,2024-06-25,3
20796,3,2024-07-21,5
20796,9,2024-08-21,5
21367,14,2023-05-14,5
22109,13,2022-03-29,3
22109,1,2022-02-02,2
24948,7,2024-06-15,2
24948,1,2024-03-21,4
24948,13,2023-08-12,2
20562,5,2024-03-15,1
20562,3,2024-05-03,5
20562,3,2024-03-14,1
21383,7,2025-05-15,3
23842,5,2023-02-24,3
23842,3,2023-06-02,2
23842,9,2023-02-12,5
23842,2,2023-06-16,2
20961,5,2025-02-22,3
20456,5,2022-08-31,1
20456,5,2022-10-27,3
20456,3,2022-09-06,3
20456,5,2022-09-27,3
20456,1,2023-01-19,5
24705,9,2023-02-24,4
20571,3,2024-02-04,5
20571,7,2024-01-08,4
23054,4,2022-12-16,1
23054,6,2022-12-01,1
23054,5,2022-10-02,5
23054,1,2022-12-09,2
20512,7,2022-01-14,5
22032,5,2023-09-10,4
22032,5,2024-01-01,5
22032,3,2024-04-04,5
22032,4,2024-01-15,5
21158,4,2023-09-09,3
21158,11,2023-07-14,1
21158,4,2023-10-21,1
23634,5,2024-05-03,3
23634,6,2024-06-10,4
24387,1,2022-09-30,5
24387,7,2023-03-14,4
24387,4,2022-12-07,5
24387,14,2022-10-17,3
24387,9,2022-11-20,1
22269,1,2022-08-27,1
21235,12,2024-04-09,1
24595,3,2022-12-09,2
24595,4,2022-12-14,2
24595,2,2022-07-08,4
22194,9,2023-11-07,1
22194,3,2023-12-26,1
22194,5,2024-02-12,4
24006,4,2023-05-30,1
20213,2,2022-04-30,2
20213,11,2021-10-07,5
20213,6,2022-05-21,2
22970,10,2024-04-27,5
22970,4,2024-02-11,2
22970,13,2023-10-08,3
22970,5,2023-08-19,2
22970,9,2024-05-11,3
21394,5,2023-08-03,4
22656,9,2024-08-22,4
22656,8,2025-01-15,4
22656,10,2025-01-09,4
22656,6,2023-07-25,1
22054,4,2024-01-21,1
22054,12,2024-02-28,2
20044,6,2022-04-27,2
20027,14,2024-12-04,1
20027,8,2024-11-22,4
20027,2,2024-10-06,4
20384,3,2024-05-11,3
20384,14,2025-04-04,3
20384,11,2025-03-16,3
20384,7,2025-09-16,4
20384,6,2024-12-19,1
22945,3,2023-03-22,1
22945,3,2023-11-11,5
21498,1,2022-05-08,5
21498,9,2022-05-18,1
21347,1,2024-05-17,3
21347,3,2024-10-06,1
21347,3,2024-09-21,4
21347,1,2023-02-24,4
21347,1,2024-07-13,4
23489,10,2024-03-18,5
22121,7,2021-10-06,5
22121,4,2021-09-23,2
22140,12,2025-01-25,2
24973,2,2024-05-13,2
24973,13,2023-12-30,4
24973,4,2024-04-29,5
24973,14,2024-04-13,1
24695,9,2021-06-17,5
24695,11,2021-12-07,5
24695,5,2021-11-30,1
24695,3,2021-10-05,3
24695,14,2021-10-28,3
23974,1,2023-08-03,5
23974,1,2023-06-13,5
21588,9,2023-02-25,1
22087,10,2023-03-24,5
22087,11,2023-02-09,2
22087,3,2023-01-14,5
22087,5,2022-11-24,4
22087,4,2023-01-28,4
20855,7,2023-03-10,4
20855,4,2023-03-02,4
20855,1,2023-05-02,1
20855,3,2023-05-30,5
22879,15,2022-03-02,2
22879,5,2021-10-31,4
22879,14,2022-01-22,1
22879,13,2021-11-09,4
22879,5,2021-12-10,1
23958,5,2024-03-22,2
23958,1,2024-01-19,5
23958,15,2023-12-12,3
23958,3,2024-02-01,4
23958,11,2024-04-22,1
21838,1,2023-03-28,2
22669,15,2022-05-18,4
20455,10,2022-12-06,2
20455,5,2022-09-27,3
20455,14,2022-03-23,4
21068,7,2022-03-07,5
21068,12,2021-09-08,2
21068,12,2022-02-01,2
21068,9,2022-01-18,4
21731,2,2024-04-11,2
24998,1,2023-07-26,4
24998,14,2022-11-05,4
24998,12,2023-05-13,2
24998,5,2023-10-03,1
24998,9,2023-02-15,1
21614,6,2025-09-08,1
21614,14,2025-10-07,5
21614,4,2025-06-04,3
22376,5,2024-01-31,5
22376,3,2024-01-19,4
22376,4,2023-11-15,4
22376,4,2023-11-27,2
22376,5,2024-02-05,4
23448,4,2023-10-23,4
23448,2,2023-10-06,2
23448,14,2023-07-13,1
23448,14,2023-07-15,2
23995,5,2025-01-01,5
24610,3,2024-03-23,3
24610,2,2024-06-04,2
24610,3,2024-02-23,3
24610,15,2024-06-28,1
24610,15,2024-01-08,4
20134,2,2025-01-16,2
20134,1,2024-04-01,5
20134,3,2023-09-16,4
20134,4,2024-04-18,4
23097,6,2022-11-14,2
23097,15,2022-11-17,2
23097,6,2022-10-10,1
23097,4,2022-05-07,2
20864,4,2024-09-22,5
22045,2,2021-12-18,3
24640,14,2024-02-13,1
24640,15,2024-01-07,5
24892,1,2022-10-24,5
24892,5,2022-11-21,2
24892,8,2023-04-08,3
24892,2,2022-12-10,2
24892,1,2023-06-13,2
24622,15,2024-11-13,2
24622,6,2024-09-08,2
24622,2,2025-01-19,1
24445,3,2024-04-23,3
24445,10,2024-06-19,3
24445,3,2024-10-08,2
24445,6,2025-02-15,1
22654,4,2023-04-11,4
24343,14,2024-02-12,2
24343,1,2024-03-12,5
24343,11,2024-05-27,5
20046,4,2025-06-22,3
20046,13,2025-05-21,4
20046,11,2025-09-06,1
20046,2,2025-10-09,3
23914,5,2023-08-03,5
23914,9,2023-07-28,1
23914,6,2023-08-08,2
23914,3,2022-09-07,4
23952,7,2024-04-28,2
22465,13,2023-10-04,4
24837,14,2023-12-22,3
22718,3,2023-11-23,2
22718,13,2024-01-06,4
22718,4,2024-02-03,3
22263,3,2023-10-09,2
23303,12,2023-03-04,4
23303,6,2022-12-09,1
23303,4,2022-06-15,1
21552,12,2024-01-10,1
21552,1,2024-04-21,4
21552,14,2024-03-31,4
21552,5,2024-06-15,5
21552,11,2024-01-18,2
24259,5,2024-09-22,5
24540,3,2024-06-06,5
24540,5,2024-09-02,5
24540,5,2024-07-21,5
24540,14,2024-07-23,5
20182,4,2022-08-26,3
20182,9,2022-09-16,2
20182,15,2022-07-09,4
20182,8,2022-03-11,5
20182,4,2022-10-15,4
22676,4,2024-08-08,3
21027,7,2023-03-13,4
21027,5,2023-11-06,4
23261,10,2023-08-15,5
23261,2,2023-06-19,3
23261,3,2022-04-06,3
23517,6,2023-06-25,3
23517,8,2023-10-20,3
23517,10,2023-09-14,2
23517,3,2023-07-17,5
22443,10,2023-10-09,4
22443,1,2023-07-19,4
22443,9,2024-05-03,1
22443,3,2024-03-19,2
22443,3,2024-03-22,5
20542,2,2023-01-04,1
20542,13,2022-09-07,1
20542,9,2022-12-14,1
20542,6,2022-08-22,2
24939,8,2023-04-12,4
24939,13,2022-10-31,4
24939,10,2023-01-22,2
24939,5,2022-12-22,4
24939,9,2023-04-07,1
21232,8,2023-12-02,1
21232,3,2023-12-22,1
21232,3,2023-12-13,3
21232,14,2024-01-06,4
21232,10,2024-01-22,2
21790,12,2022-11-02,3
21790,10,2022-12-12,2
23657,9,2023-02-02,2
23657,3,2023-02-07,2
22960,2,2023-11-22,5
22960,9,2023-05-08,4
22960,14,2023-10-18,4
22960,13,2023-02-02,3
21209,14,2023-02-05,4
21209,9,2022-03-17,1
21209,11,2022-03-28,3
21209,12,2022-11-18,2
21209,4,2022-07-05,1
24151,1,2022-11-05,2
24151,6,2022-11-17,5
24151,9,2022-07-20,5
20085,15,2025-04-29,2
20085,9,2025-03-24,5
20085,14,2025-02-26,2
20085,4,2025-09-09,5
24357,6,2022-01-23,5
24699,3,2024-03-18,4
24699,2,2024-03-05,4
24699,3,2024-04-18,2
23300,4,2023-03-31,1
23300,3,2023-06-04,2
23300,13,2023-05-13,5
20949,1,2022-04-23,2
20949,2,2022-05-05,2
21687,15,2023-06-26,2
21687,1,2024-02-13,5
21687,5,2023-06-09,3
21687,1,2024-01-15,2
20069,10,2025-01-24,4
20069,13,2025-02-17,5
20069,1,2024-10-25,5
23496,10,2023-12-05,1
23496,11,2023-07-27,3
23496,3,2023-12-18,3
23669,3,2024-02-15,1
23669,15,2023-11-24,4
23669,5,2024-03-16,3
20783,13,2024-06-24,1
20228,3,2023-10-31,4
20228,4,2023-12-18,3
20228,3,2023-11-27,2
22164,5,2022-10-29,5
22994,9,2025-08-15,2
22994,13,2025-10-15,1
22994,8,2025-10-16,2
24594,1,2023-12-15,1
22057,11,2022-04-10,1
22057,8,2022-11-28,4
22057,5,2022-05-25,5
22057,4,2022-08-06,4
21282,5,2022-05-08,3
21282,6,2022-10-16,3
22118,3,2024-02-15,5
22118,4,2023-07-18,3
22118,12,2024-03-08,3
20442,5,2024-01-11,2
20442,13,2023-05-14,2
24243,9,2023-07-31,3
24243,10,2023-09-19,5
24243,8,2023-08-19,4
24243,2,2023-11-11,1
24243,9,2023-11-21,4
20976,3,2022-06-23,2
20976,2,2024-05-31,5
20976,6,2023-03-10,4
22460,12,2025-01-19,5
21015,8,2023-02-25,5
21015,12,2022-08-10,3
21641,11,2023-10-01,4
21641,7,2024-07-08,4
21641,4,2023-08-04,2
21641,7,2022-11-04,1
21641,11,2024-03-08,2
22350,15,2022-12-26,3
22350,13,2023-02-02,1
22350,1,2023-01-13,3
24644,7,2024-04-28,1
22781,3,2024-05-18,3
22781,4,2024-11-16,2
22781,3,2024-06-13,3
22781,5,2024-04-30,2
24830,1,2024-01-21,4
24830,7,2022-09-03,2
24830,9,2023-07-16,5
24830,6,2022-09-13,3
22618,10,2023-12-02,5
22618,7,2023-12-09,1
22618,10,2024-01-02,2
22618,11,2023-11-03,3
24808,14,2024-02-28,1
24808,13,2024-02-14,1
24808,15,2024-03-09,1
24808,5,2024-09-14,1
23416,10,2023-07-27,3
23416,5,2023-01-03,3
20304,13,2023-05-11,3
20304,3,2023-05-24,2
20304,1,2023-04-12,3
20304,15,2024-12-14,2
20184,1,2023-11-12,4
20184,1,2023-05-21,3
20184,12,2023-09-22,2
20184,12,2022-01-08,5
20661,14,2023-03-06,5
21089,15,2023-08-14,5
21089,7,2024-11-06,1
21089,8,2024-07-16,5
20968,3,2023-10-10,4
20968,6,2022-12-01,4
21618,8,2022-10-23,2
21618,14,2022-11-02,5
21618,5,2022-09-25,3
21618,7,2022-10-22,4
21003,15,2024-01-07,2
21003,3,2024-12-08,3
21003,11,2024-04-15,1
21003,12,2024-08-14,4
21003,3,2024-02-16,4
22253,10,2022-11-09,4
24957,4,2024-08-02,3
24957,7,2024-06-25,1
23742,8,2024-11-26,2
23742,2,2024-08-13,2
23742,9,2024-10-08,3
23742,10,2024-12-11,3
24736,10,2023-06-03,3
24736,7,2024-01-30,5
24736,13,2023-11-11,4
23689,2,2024-07-12,5
23689,14,2024-12-09,2
23609,14,2025-01-24,5
23609,14,2025-06-18,1
23609,9,2024-12-27,3
23609,12,2025-10-19,5
23609,3,2025-07-19,1
21737,8,2025-01-23,4
21737,7,2024-12-17,2
21737,3,2025-03-23,1
21737,3,2024-09-30,2
24319,5,2023-01-12,5
24319,4,2023-12-17,4
24319,1,2023-04-23,5
21715,5,2023-10-03,1
21715,2,2024-01-14,4
21715,6,2023-05-13,2
21715,4,2023-09-05,4
21715,3,2023-09-24,4
22924,1,2024-09-12,1
22924,4,2024-07-29,3
22924,9,2024-07-19,2
21223,13,2024-10-01,5
21223,1,2024-08-25,2
21223,15,2024-08-22,1
20234,8,2025-01-31,4
24545,3,2023-09-20,1
24545,8,2023-10-26,3
24545,4,2023-08-18,5
24545,6,2023-08-24,2
24545,3,2023-07-09,3
23231,12,2022-12-14,1
23630,4,2022-06-27,4
23630,15,2022-03-09,4
23630,6,2022-06-24,2
23630,11,2022-11-15,1
21981,9,2022-04-02,1
21981,10,2022-03-31,2
21981,1,2022-04-09,4
21981,11,2022-03-09,3
23625,4,2024-03-09,1
24249,5,2022-12-19,1
24249,15,2024-01-24,1
24194,4,2022-11-25,2
24194,2,2023-01-21,2
24194,10,2023-02-04,1
24194,2,2022-12-08,2
24194,1,2022-11-21,5
22176,7,2023-12-28,2
22176,10,2023-12-10,5
23502,12,2024-12-04,2
23502,4,2024-07-31,1
23502,10,2024-06-09,1
23502,3,2023-12-02,4
23930,15,2023-09-29,1
20396,1,2022-03-11,4
20396,2,2022-08-24,2
20396,12,2021-12-29,2
20396,1,2022-03-25,5
20396,2,2022-07-28,3
20656,2,2024-07-28,2
20656,13,2024-04-26,1
20656,8,2024-08-31,2
20656,4,2024-08-02,2
20656,4,2024-08-06,2
23592,12,2023-04-21,2
22632,4,2025-04-18,2
21172,4,2023-09-15,5
21172,1,2023-09-03,1
21172,4,2023-11-21,1
21172,9,2023-11-23,4
21172,4,2023-07-13,4
22184,1,2023-08-29,1
24776,1,2022-05-13,5
24776,3,2022-10-11,4
24776,14,2022-05-29,1
24776,12,2022-05-03,3
22427,5,2023-09-13,2
22427,6,2023-10-03,1
22427,9,2024-01-24,5
22427,5,2024-04-12,3
22427,15,2023-07-14,1
20937,14,2024-06-02,3
20937,5,2024-04-04,2
20937,6,2024-02-26,1
20937,10,2024-04-17,4
20937,15,2024-04-17,5
20170,10,2023-06-03,2
20170,5,2023-06-02,3
20170,4,2023-03-17,1
20170,6,2023-04-09,1
22129,11,2023-05-02,3
22129,7,2024-06-06,2
22129,9,2023-08-14,3
21710,8,2023-05-18,2
21710,7,2023-08-10,3
21710,1,2023-07-23,2
21710,2,2023-04-09,1
24970,3,2023-12-08,1
20612,5,2025-03-19,4
20612,14,2025-06-03,5
20612,15,2025-06-02,3
20612,2,2025-02-09,1
20612,6,2024-02-02,1
21054,8,2023-09-30,3
21054,5,2023-11-05,4
21054,2,2023-10-21,2
21054,8,2024-04-16,1
21563,1,2024-08-18,4
21563,8,2024-08-06,5
22258,2,2023-10-30,2
22258,10,2022-10-18,4
22258,2,2023-08-24,2
23000,3,2023-03-07,5
24519,13,2022-11-20,2
24519,5,2022-12-13,2
24519,10,2023-01-03,2
24519,14,2022-11-02,3
24519,15,2022-11-05,1
23817,14,2025-02-13,5
23817,3,2025-01-06,3
21406,3,2024-12-04,5
21406,3,2025-07-07,3
21406,2,2025-06-18,2
20549,4,2023-04-19,2
20549,3,2023-01-24,3
20549,2,2022-08-06,2
22471,12,2023-07-05,4
22471,14,2023-07-26,3
22471,3,2023-09-10,4
24900,12,2024-07-20,4
24900,6,2024-08-11,4
24900,7,2024-08-12,4
20132,13,2025-03-12,3
20132,4,2024-09-08,5
22842,5,2023-07-25,1
22842,10,2023-04-03,4
22842,11,2023-06-28,5
22842,3,2023-07-09,4
20385,6,2025-08-01,4
20385,1,2025-06-30,2
20385,5,2025-08-13,5
20385,1,2025-11-07,5
22888,2,2024-10-14,4
22888,7,2025-02-06,3
21088,1,2024-07-21,3
20969,7,2023-01-30,4
20969,9,2023-01-25,1
24854,13,2023-01-15,1
24854,6,2023-01-20,5
24854,10,2022-12-09,1
24854,5,2023-01-05,4
21230,9,2022-11-18,2
22821,2,2023-02-09,1
22821,12,2022-07-14,5
22821,2,2023-03-01,4
22821,8,2022-04-17,4
22821,1,2022-06-23,2
22364,3,2024-08-18,2
20598,15,2025-07-12,4
21169,14,2022-12-28,3
21169,1,2022-12-24,4
21169,9,2022-12-08,5
24216,3,2024-10-30,2
24216,4,2024-12-07,1
24216,2,2024-03-29,1
23246,1,2025-03-30,4
23246,2,2025-10-07,5
23246,14,2025-07-03,5
23246,1,2025-08-05,2
21859,15,2022-05-14,3
21859,8,2022-05-25,2
21859,11,2022-08-14,4
21859,1,2023-02-12,1
23112,1,2024-03-19,2
23112,3,2024-01-06,3
23112,8,2025-08-12,2
23112,5,2024-11-14,5
23112,11,2024-08-23,3
23218,12,2023-11-17,3
23218,10,2023-11-22,2
23218,6,2023-12-01,3
23218,7,2024-01-11,1
21549,14,2023-10-25,3
21549,13,2023-06-19,4
21549,2,2023-06-20,2
21549,1,2023-09-29,3
21779,5,2023-02-22,1
21779,2,2022-09-30,3
22421,5,2022-09-27,4
22421,10,2022-12-16,5
22421,1,2022-11-07,4
22421,3,2022-11-03,3
22421,7,2022-11-22,3
20172,5,2024-03-19,2
20172,4,2024-04-25,4
20172,6,2023-12-10,1
20172,9,2024-04-29,4
20172,5,2024-03-07,2
21944,13,2023-02-16,1
21944,1,2023-07-10,4
21944,1,2023-05-31,2
21944,11,2023-02-27,5
22934,8,2025-10-06,4
20669,9,2024-06-30,5
20669,9,2024-04-19,2
20669,5,2024-07-18,1
20669,13,2024-07-20,4
22065,6,2022-08-27,5
24437,7,2023-04-11,4
24437,5,2023-05-27,5
24437,2,2023-07-25,1
24437,5,2023-07-25,1
24437,1,2023-06-01,3
21325,9,2024-07-27,3
21325,11,2024-08-01,3
24891,5,2024-05-09,2
24891,9,2024-05-17,3
24891,1,2024-04-07,4
24891,4,2024-03-20,1
24891,1,2024-05-04,3
23929,1,2023-10-27,4
23929,2,2023-11-11,2
21030,2,2024-01-02,5
21030,1,2023-10-16,4
21030,2,2023-08-23,4
21030,12,2023-11-07,2
21030,5,2023-06-10,4
21562,2,2024-03-22,2
21562,2,2024-05-27,4
21562,10,2024-04-08,1
22655,1,2023-12-27,4
22655,1,2023-10-29,2
22655,3,2024-05-03,4
22655,3,2024-07-09,2
22655,6,2023-01-17,3
20767,3,2024-01-30,2
20767,2,2023-07-13,1
20767,14,2023-06-28,5
21702,3,2023-10-18,2
21702,7,2023-05-22,5
23955,5,2023-09-01,3
21823,1,2023-03-10,4
21823,13,2023-05-27,1
24327,5,2022-11-09,4
24327,4,2022-03-25,3
24327,9,2023-09-30,3
24987,7,2023-07-20,3
24987,1,2023-04-16,1
24987,5,2023-08-08,1
23152,5,2023-02-14,5
23152,7,2023-01-29,4
24558,2,2022-06-20,3
24558,4,2022-05-13,4
24558,2,2022-04-21,3
22100,5,2023-01-12,3
23716,12,2024-06-11,3
23716,12,2024-06-10,4
21029,8,2024-01-06,3
21029,2,2024-01-28,1
21029,9,2023-10-26,3
21029,10,2024-04-19,5
21029,9,2024-08-01,4
21093,11,2024-07-24,4
21093,10,2024-10-03,5
21093,9,2024-10-27,1
21806,12,2024-04-11,2
21806,9,2024-04-10,3
24934,3,2024-10-11,1
24934,3,2024-10-14,2
24934,14,2025-01-16,4
23089,2,2025-10-04,5
23089,5,2025-08-11,2
21056,3,2023-09-26,1
20440,4,2022-04-04,5
20440,10,2022-02-06,3
20440,15,2022-01-06,1
23718,15,2023-12-26,5
23718,8,2023-12-14,3
22039,7,2023-10-24,2
22039,15,2023-10-01,4
22039,10,2023-12-07,5
22039,6,2023-11-14,5
21860,9,2022-06-18,1
21723,4,2022-05-31,4
21723,1,2022-04-15,1
21723,3,2022-08-03,5
21723,2,2022-07-14,5
21723,11,2022-06-10,2
23285,5,2023-01-10,4
23285,10,2023-03-19,4
23285,2,2022-10-15,4
23285,4,2022-12-22,4
23285,5,2022-10-31,5
23282,11,2024-04-07,1
23282,9,2023-07-20,3
23282,9,2023-10-12,3
20631,3,2022-03-13,4
20631,6,2022-09-13,1
20631,2,2022-08-31,4
20631,1,2022-04-06,5
21999,10,2023-12-24,1
21999,7,2023-09-05,1
21999,6,2023-11-01,3
23939,2,2024-07-12,3
23939,1,2024-07-20,3
23939,1,2024-07-02,5
23509,10,2023-08-27,2
23509,5,2023-04-08,3
23463,13,2021-12-18,4
23463,14,2022-01-27,4
22285,10,2022-01-16,1
22285,9,2022-04-22,2
23159,5,2022-08-03,1
23159,2,2022-08-26,1
23159,2,2022-10-25,2
23159,6,2022-05-08,2
23159,8,2022-07-23,3
21297,4,2023-07-02,2
24070,3,2025-10-18,3
24070,8,2025-09-01,2
24070,10,2024-10-26,5
24070,15,2024-09-10,5
24280,10,2023-03-17,1
24280,8,2023-04-02,2
24280,3,2023-02-20,3
24280,8,2023-04-21,3
22365,11,2022-02-20,5
22365,12,2021-12-08,3
23750,15,2024-05-08,4
23750,11,2024-05-16,2
23639,13,2023-11-18,1
23639,4,2022-11-05,4
23639,11,2023-02-25,1
21358,4,2024-10-23,2
21358,4,2024-02-28,3
21685,2,2023-08-16,1
21685,11,2023-08-23,1
21685,3,2023-07-29,3
23768,2,2022-07-18,2
23768,2,2022-10-10,5
23768,4,2023-02-21,5
23530,7,2023-04-04,3
23530,13,2023-11-08,2
23530,10,2024-01-21,2
23530,7,2023-06-01,3
24692,13,2023-09-27,2
24692,6,2023-09-16,3
24692,10,2023-10-24,3
24692,6,2023-09-06,2
24692,2,2023-09-08,2
22699,11,2022-12-28,4
24210,2,2023-09-28,4
20711,3,2023-03-23,3
20711,14,2023-12-08,5
23080,1,2023-10-06,1
23080,4,2023-03-16,3
22899,8,2023-04-19,1
21468,11,2024-02-23,2
21468,2,2024-04-03,4
21468,10,2024-01-07,2
21468,14,2023-12-12,2
21468,3,2024-01-23,3
24497,10,2024-01-10,1
24497,3,2024-03-29,3
24497,5,2024-01-31,4
24497,11,2024-01-18,3
20448,3,2024-02-19,3
20448,2,2025-04-01,1
20448,9,2024-09-09,2
20448,9,2024-05-20,3
20448,2,2023-07-08,2
20653,8,2025-02-13,1
20653,5,2025-04-10,4
20653,5,2025-09-15,1
20653,2,2025-01-20,4
24922,8,2023-01-29,5
24922,1,2023-01-10,1
24922,4,2022-12-11,3
24922,14,2022-12-15,3
21407,3,2024-03-04,2
21407,15,2024-04-29,3
24724,10,2025-08-13,3
24724,4,2024-09-19,4
22481,4,2024-04-12,5
22481,3,2024-01-30,4
22481,2,2024-03-11,2
20939,3,2023-06-20,1
20939,7,2023-12-12,1
20939,7,2023-05-17,3
20939,4,2024-03-17,3
20939,14,2024-02-11,3
24413,8,2022-03-17,4
24413,2,2022-04-23,3
24413,8,2022-02-09,1
24910,3,2023-09-23,2
24910,15,2023-10-31,3
24910,12,2023-12-07,4
24910,13,2023-10-05,4
24416,12,2022-06-12,2
24416,5,2022-03-19,5
24416,14,2021-08-11,5
21130,4,2022-03-18,3
24899,3,2022-11-21,1
24899,4,2022-10-19,3
24899,15,2022-10-30,1
24899,1,2022-11-30,5
24899,4,2022-12-11,3
22308,11,2025-06-01,1
24999,2,2025-11-17,5
23769,14,2022-02-26,3
23769,4,2022-02-04,1
23769,4,2022-05-01,1
21670,8,2023-04-30,4
22072,3,2023-03-06,5
22957,5,2023-02-03,3
22957,7,2023-04-04,2
22957,8,2022-12-17,5
22957,2,2023-08-02,2
22957,3,2023-11-23,1
20090,1,2024-04-30,3
20090,4,2024-09-01,2
22119,4,2022-08-20,5
22119,14,2022-12-25,2
22119,8,2023-03-14,4
22119,3,2022-11-28,4
22119,11,2022-06-28,5
20482,3,2025-02-18,5
20482,14,2024-12-31,5
20482,15,2025-02-15,1
20482,11,2025-01-21,5
22372,1,2022-08-02,2
22372,6,2022-10-15,4
22372,15,2022-07-08,5
20655,12,2025-02-17,3
20655,5,2025-02-05,1
24271,2,2023-10-22,2
24271,5,2023-09-05,4
23352,1,2024-11-11,3
20594,2,2023-11-19,3
20594,1,2024-09-16,4
20594,5,2024-04-11,4
20594,1,2024-03-09,3
21853,8,2022-12-21,1
21853,4,2022-09-22,1
21853,11,2022-11-06,3
20524,11,2022-07-23,3
20524,1,2023-01-02,4
20524,2,2022-11-29,3
23767,11,2023-11-02,4
23767,11,2023-07-25,2
23767,15,2023-05-01,5
20076,2,2025-03-27,1
20076,5,2024-11-19,4
21069,13,2024-01-19,3
21069,15,2023-12-17,2
21069,5,2024-03-02,3
21069,4,2024-02-15,1
21069,8,2024-01-27,3
24431,6,2022-05-28,4
24431,1,2022-11-15,1
24431,2,2023-02-04,1
21749,13,2024-12-07,2
21749,14,2025-01-04,2
21749,5,2024-06-14,5
21749,1,2025-02-04,2
21749,7,2024-08-19,4
24890,2,2023-04-27,4
24890,15,2023-05-08,3
24890,1,2023-06-07,2
24890,5,2023-04-27,3
24890,10,2023-03-31,5
24711,8,2021-09-03,4
24711,2,2021-10-27,3
24711,1,2021-11-14,2
24711,10,2021-08-30,1
24711,13,2021-08-27,2
20737,12,2022-11-08,5
20737,11,2022-12-03,4
20737,2,2022-09-19,3
24363,3,2023-09-22,3
22160,1,2024-03-26,2
22160,4,2025-04-18,1
22160,2,2024-06-21,3
20084,13,2022-10-09,2
20084,12,2022-09-22,5
20084,6,2023-02-07,2
24104,11,2025-05-27,5
24104,10,2024-09-09,5
24104,9,2025-06-12,1
24104,8,2024-12-22,5
21597,8,2024-11-02,1
21597,3,2024-11-27,1
21597,13,2024-12-17,2
21597,2,2024-11-19,1
21597,15,2024-08-25,3
24153,6,2022-09-27,4
24153,12,2022-11-06,3
24153,13,2022-10-19,1
23758,9,2022-03-29,3
23758,1,2022-01-20,2
24196,1,2023-10-02,4
24196,4,2023-10-27,2
24196,7,2023-12-23,1
24196,3,2023-12-02,3
24196,8,2023-10-11,2
23545,13,2022-12-18,2
23529,2,2025-03-14,5
23529,9,2025-08-14,1
20979,13,2023-08-05,3
23980,3,2024-03-08,3
23980,10,2024-01-20,4
21495,15,2024-07-17,5
22775,13,2023-06-17,5
22775,4,2023-08-27,5
22775,4,2023-07-14,1
23591,5,2025-05-04,4
23591,3,2023-12-21,5
23591,5,2024-01-21,3
23591,3,2024-09-16,3
23591,1,2024-01-28,1
21912,8,2023-03-14,1
21912,2,2023-08-16,2
21912,3,2023-01-12,2
21912,11,2023-01-14,4
21912,11,2023-03-22,1
21502,15,2023-04-29,1
21502,14,2023-02-13,1
21502,10,2022-11-05,2
21502,10,2022-11-06,1
21502,2,2023-04-26,1
21237,15,2023-08-22,3
21237,1,2023-01-25,4
21237,13,2023-07-08,5
21237,11,2023-08-06,4
21237,3,2022-12-20,2
23563,11,2025-07-11,1
23563,5,2025-07-11,3
23563,1,2025-04-29,2
20963,3,2024-01-03,2
20963,13,2024-03-11,1
20963,2,2024-03-03,1
20963,4,2024-02-04,4
20060,8,2023-09-15,2
20060,1,2023-08-18,4
20060,10,2023-09-18,4
21220,9,2023-03-29,3
21220,8,2022-11-27,1
21220,2,2022-06-15,3
22138,4,2022-07-28,1
21690,7,2022-12-30,3
21690,5,2024-01-13,2
21840,12,2023-05-02,1
21840,2,2023-06-24,4
20528,9,2023-07-26,1
20528,4,2023-09-05,5
20528,7,2023-07-03,2
20528,14,2023-08-20,4
20528,2,2023-08-28,5
24631,9,2023-03-01,4
24631,3,2023-02-18,5
24631,12,2023-02-13,5
24631,15,2023-03-15,1
24631,3,2023-02-14,3
20353,1,2024-07-13,5
20353,10,2024-08-24,4
20353,1,2025-04-07,4
20353,3,2024-09-11,2
21822,8,2024-03-10,2
21822,1,2024-05-22,5
21822,5,2024-02-18,2
21822,7,2024-05-11,2
22062,5,2023-06-15,3
22062,3,2022-12-27,4
22062,11,2023-03-20,3
22062,11,2023-06-17,4
22062,15,2023-01-17,4
23138,12,2024-03-07,5
23138,5,2024-03-30,4
23138,2,2024-03-29,3
24069,11,2025-02-19,5
24069,2,2024-11-10,5
24069,11,2024-11-18,5
24069,3,2025-01-21,3
23932,3,2025-03-01,4
23932,1,2024-10-04,3
21399,13,2023-12-12,1
21399,12,2023-05-30,1
23970,14,2024-08-14,3
22760,14,2024-07-15,4
22760,5,2024-09-28,4
21857,5,2024-07-05,3
21142,2,2022-05-20,3
21142,3,2022-06-02,2
21142,13,2022-04-25,4
22773,1,2025-01-08,1
22773,5,2023-11-11,5
22773,1,2024-08-21,5
23786,11,2024-04-22,5
23786,1,2024-06-07,1
23941,1,2023-08-03,1
23941,2,2023-08-03,2
24326,2,2024-01-19,5
24326,8,2024-01-04,5
21418,2,2023-11-02,1
21418,14,2024-06-05,5
21418,5,2024-04-13,4
21418,11,2024-01-01,1
21418,5,2023-12-23,1
21435,1,2023-07-28,4
21435,4,2023-11-09,1
21435,9,2024-06-17,3
21435,6,2023-07-12,1
21435,1,2023-06-25,4
23731,4,2022-07-23,3
23731,11,2022-08-03,2
23731,11,2022-06-11,2
23731,2,2022-10-12,2
21899,2,2022-05-29,2
20811,13,2023-11-11,3
20811,11,2023-08-13,1
21390,10,2022-11-09,2
21390,1,2023-07-20,5
24386,3,2024-07-26,1
24386,1,2024-02-18,1
24386,13,2024-07-28,2
24386,9,2024-11-09,3
24386,7,2024-11-15,5
22519,12,2024-10-01,2
23252,7,2024-09-09,1
23252,2,2024-10-03,3
23252,4,2024-04-11,2
23252,14,2023-11-29,4
23252,12,2024-08-31,5
20225,1,2024-06-25,1
20225,2,2023-08-20,3
20225,2,2023-07-28,2
20225,9,2024-05-08,1
20225,5,2024-05-22,5
22026,11,2022-10-13,3
22026,2,2022-10-04,3
23528,2,2023-09-09,4
23528,10,2023-11-03,2
24146,2,2024-06-21,1
24146,6,2024-06-08,3
21678,9,2023-02-22,1
21678,13,2024-01-07,2
21678,1,2024-01-06,1
21678,11,2023-08-31,2
21678,9,2023-03-16,2
24626,2,2022-07-11,5
24626,5,2022-10-31,2
20451,10,2023-08-26,4
23601,14,2025-04-19,5
23601,10,2025-08-10,1
23601,9,2025-08-23,2
22249,2,2022-05-02,5
22249,11,2022-10-30,3
22249,4,2023-04-28,4
22249,5,2023-11-14,5
21480,3,2024-09-30,1
21480,2,2024-08-26,4
21480,9,2024-07-04,4
21480,5,2025-05-19,1
22215,3,2023-09-24,5
22215,6,2023-10-01,2
22215,3,2023-10-20,4
22215,5,2023-10-17,2
20370,10,2024-11-28,1
20370,5,2024-10-06,5
20139,2,2024-11-24,2
20139,2,2025-03-12,1
20139,2,2024-12-29,3
20139,3,2025-02-20,1
24597,5,2022-10-02,4
24597,13,2022-09-30,5
24597,1,2022-10-27,5
20100,2,2023-10-19,2
21011,1,2025-05-24,3
21011,7,2025-07-12,5
21011,14,2024-10-18,1
20543,1,2025-04-13,2
22188,2,2022-04-02,3
22188,12,2022-01-22,2
23217,9,2023-12-31,4
23217,14,2024-03-21,4
23217,5,2024-04-16,1
24016,6,2023-12-13,3
24016,2,2024-09-08,1
24016,7,2023-02-05,1
23594,4,2022-05-12,1
23594,2,2022-11-05,3
23594,3,2022-12-15,2
20532,11,2024-05-26,2
24084,13,2024-09-20,5
24084,4,2024-08-04,4
24084,3,2024-12-13,4
24084,5,2024-11-02,4
24084,5,2024-04-24,3
22240,4,2025-05-12,1
22240,7,2025-06-09,1
20517,1,2023-06-20,5
20517,14,2022-09-09,1
20517,13,2022-09-05,4
20517,10,2022-03-14,1
22286,3,2023-07-07,3
22286,4,2023-09-29,2
24645,14,2023-10-28,1
24645,8,2024-01-29,1
24645,10,2024-01-01,1
24472,4,2022-11-21,3
24472,3,2022-12-03,4
24472,1,2023-09-15,5
24472,1,2023-05-06,4
24635,7,2023-04-15,1
22933,15,2022-10-22,3
23636,13,2022-09-10,5
23636,3,2022-06-21,2
23636,5,2022-08-27,3
23636,1,2022-09-08,3
23636,6,2023-01-14,1
24585,9,2023-05-21,4
24585,9,2023-03-02,3
24707,9,2023-11-11,2
24707,11,2023-09-02,4
24707,10,2023-12-04,5
24707,3,2024-04-18,3
23993,5,2023-07-10,4
23993,13,2023-08-02,2
23993,14,2023-06-02,4
23993,9,2023-07-10,5
23993,1,2023-05-20,4
23241,14,2022-02-14,3
21785,3,2024-11-27,1
21317,6,2024-03-20,3
21596,7,2023-08-29,4
20488,7,2023-06-05,3
20488,4,2023-05-27,5
20488,14,2023-05-31,1
24188,5,2024-02-27,3
24188,14,2024-06-03,3
24188,5,2024-12-13,3
21832,1,2022-04-30,5
22063,4,2023-07-27,5
22063,11,2023-03-09,2
22063,2,2023-08-24,5
20149,14,2023-05-16,5
22423,13,2024-05-30,5
22423,4,2024-09-07,5
22423,3,2024-11-20,5
22423,7,2024-12-01,4
22423,2,2024-04-15,5
21344,2,2023-02-27,5
21344,9,2023-01-27,4
21344,11,2023-04-21,1
21344,2,2023-01-28,2
21344,11,2023-01-26,1
24242,4,2023-06-03,1
24242,13,2023-05-31,1
24242,15,2023-04-28,4
24242,2,2023-06-04,1
24242,7,2023-05-26,1
23844,12,2024-01-05,5
24818,2,2023-08-04,5
24818,15,2023-10-13,2
24818,12,2023-10-14,5
24868,15,2022-05-23,4
24868,5,2021-06-24,3
24868,10,2021-12-24,4
24868,2,2022-04-09,4
24868,1,2022-05-20,3
23536,1,2024-07-17,3
23536,4,2024-03-16,4
23536,2,2024-05-09,5
22949,3,2023-03-28,1
22949,1,2022-12-05,4
23130,2,2025-06-29,3
23130,13,2025-06-08,4
20775,3,2024-04-23,4
20775,3,2024-03-14,2
23869,4,2023-10-19,3
23869,5,2023-08-24,1
23869,13,2023-12-08,2
23869,3,2024-01-25,3
23869,1,2023-08-13,5
23658,6,2023-07-01,3
23658,2,2023-12-12,1
23658,11,2024-04-30,1
24479,2,2023-08-06,1
24479,2,2023-11-14,1
24479,14,2023-11-13,2
21147,4,2024-12-18,2
21547,3,2023-12-22,3
21547,6,2023-11-06,2
21547,1,2024-03-25,5
21547,4,2024-09-24,5
21547,12,2024-05-12,5
22542,5,2024-02-06,3
22542,1,2024-04-22,3
22542,10,2024-06-27,2
22542,14,2024-10-08,1
20306,1,2024-07-28,1
20306,3,2024-09-21,4
20306,8,2024-11-04,4
20306,1,2024-12-02,2
24415,14,2023-02-07,2
24415,4,2021-11-10,5
24415,15,2022-02-18,2
24415,9,2022-03-03,5
24415,1,2023-01-06,2
21753,3,2023-07-14,1
21753,6,2023-09-05,1
21753,8,2023-11-21,3
21753,12,2022-12-03,1
24794,1,2022-04-02,5
24794,2,2022-07-17,2
24794,5,2022-12-09,2
20439,8,2024-01-21,3
20439,1,2024-02-04,1
20439,5,2024-04-24,5
20439,5,2024-03-06,4
20439,7,2023-11-06,1
24392,15,2023-08-02,1
22220,4,2023-10-19,2
21132,4,2023-12-24,3
21132,4,2023-11-12,3
20604,5,2024-06-20,5
20604,1,2024-08-29,1
20604,15,2024-06-07,4
24320,2,2023-05-06,1
24320,13,2024-02-02,2
24320,14,2023-06-16,5
24320,9,2022-11-09,1
24320,6,2024-06-08,5
21238,4,2024-07-20,1
21238,4,2024-08-23,4
21238,9,2024-05-23,1
21921,10,2025-02-25,5
21872,4,2021-09-08,5
21872,5,2021-08-25,4
22157,4,2022-07-17,3
22157,9,2022-08-10,5
22157,5,2022-08-17,4
20247,1,2023-11-03,3
22874,10,2022-09-26,3
22874,1,2022-08-31,3
22874,1,2023-01-29,5
22874,7,2023-04-10,2
22874,7,2023-06-30,2
23717,3,2021-09-24,3
23717,8,2021-09-26,4
23717,11,2021-10-03,5
23717,2,2021-08-06,1
23056,1,2025-01-27,5
20759,4,2024-08-21,4
20759,1,2024-11-14,4
20759,7,2024-07-30,5
24234,2,2022-07-26,4
24234,3,2022-05-28,5
24234,11,2022-10-25,2
20503,1,2023-04-22,5
20503,12,2023-06-22,3
20503,7,2023-08-09,4
21343,7,2022-03-15,2
21343,4,2022-03-25,5
24205,5,2024-09-27,3
24205,15,2024-01-07,1
24205,11,2024-08-21,4
24205,12,2024-08-01,5
22134,8,2023-06-13,2
22187,1,2022-12-28,4
22187,3,2022-12-12,4
22187,1,2023-01-25,3
23244,5,2023-05-01,2
23244,2,2023-05-10,5
23244,4,2023-02-06,3
23244,12,2022-07-22,3
23244,4,2022-12-20,3
24554,1,2023-03-30,4
24554,6,2023-12-16,3
24554,1,2023-10-31,3
22181,3,2023-04-01,2
22181,12,2023-06-22,1
22181,1,2023-02-14,5
22181,3,2023-10-23,2
22181,15,2023-10-10,3
20209,12,2024-01-01,3
20209,14,2024-03-08,2
20209,6,2024-07-23,3
20209,10,2024-01-29,2
20209,8,2023-10-02,4
23882,11,2024-12-21,5
23882,2,2025-02-07,4
23882,3,2025-02-06,4
24071,1,2025-06-27,3
24071,13,2025-09-06,3
22524,8,2024-07-16,3
22111,2,2024-10-11,2
22111,1,2024-08-09,2
22111,8,2024-08-28,2
22111,1,2024-07-17,5
22111,1,2024-07-30,2
24158,5,2022-06-21,4
22716,12,2023-07-04,2
22716,9,2025-02-23,2
22716,3,2025-02-28,4
22716,7,2024-03-07,5
24296,2,2022-12-12,4
24296,2,2022-12-07,1
24296,1,2022-12-13,2
23072,12,2024-01-28,5
23072,7,2025-02-05,5
24884,8,2022-04-17,5
24884,1,2022-04-17,1
20899,13,2025-02-27,1
20899,9,2024-03-26,1
20899,9,2024-09-12,1
24172,4,2023-08-01,1
24172,5,2023-10-18,4
21947,3,2022-08-21,4
24945,3,2025-01-30,3
24945,1,2025-03-18,2
24945,4,2025-03-31,1
24945,7,2025-03-14,1
22203,7,2024-03-29,2
22203,2,2024-01-25,2
22203,5,2023-04-17,1
23544,8,2024-01-02,4
23544,8,2024-01-28,1
23544,4,2024-02-10,1
23544,2,2024-02-08,5
23544,10,2023-12-27,5
21684,3,2022-08-30,2
21684,3,2022-09-14,5
21684,11,2022-10-01,2
21684,2,2022-06-24,3
20179,2,2025-04-23,3
20179,2,2025-03-03,3
21086,9,2022-10-09,5
21086,7,2022-11-14,5
20942,5,2022-10-17,4
23331,5,2024-10-13,4
24231,11,2022-10-10,3
23113,2,2024-11-05,4
23597,11,2023-09-15,5
23597,11,2024-01-07,1
23597,4,2024-10-01,2
23597,13,2025-04-01,1
21667,3,2024-01-22,4
24947,3,2023-09-05,3
24947,7,2023-03-03,5
24947,5,2023-05-10,1
24947,1,2023-01-22,3
22432,11,2023-11-30,5
22432,7,2023-11-27,4
22432,12,2023-10-12,3
22432,5,2023-12-23,1
22283,4,2023-05-16,5
22283,1,2023-06-29,1
22283,12,2023-05-08,3
22283,9,2023-05-18,5
20930,1,2025-05-31,5
23803,4,2021-11-13,5
23803,6,2021-11-19,1
23803,13,2021-11-04,3
22430,6,2024-01-23,1
20347,15,2024-04-26,1
20347,1,2025-09-02,3
23458,3,2024-01-06,4
23458,12,2024-02-19,4
23458,4,2024-02-20,2
23458,11,2023-12-29,5
23458,5,2024-01-24,4
24406,10,2023-08-19,3
24406,6,2023-08-29,1
24406,8,2023-06-17,2
24406,4,2022-12-17,2
22868,14,2023-12-12,2
22868,10,2023-10-30,5
22868,8,2023-12-02,1
20355,13,2024-07-13,1
20355,6,2023-09-20,4
20355,3,2023-12-01,1
24420,12,2024-12-13,3
24420,1,2025-05-14,4
24420,8,2025-04-01,1
24420,1,2024-12-26,4
20535,15,2022-05-21,5
20535,5,2022-06-13,2
24826,12,2023-06-15,1
24915,1,2024-01-15,3
24915,6,2023-09-06,4
24915,14,2024-07-28,5
24178,9,2023-03-16,1
24178,3,2023-06-06,4
24178,14,2023-05-15,3
24178,3,2023-03-28,2
21705,14,2024-03-23,5
21705,3,2024-09-26,4
21705,1,2024-03-11,2
23446,7,2022-12-23,1
23446,5,2023-07-21,5
23446,4,2023-01-03,5
23446,5,2023-02-07,4
23567,9,2023-11-13,1
23567,4,2023-12-12,4
23567,5,2023-11-03,4
23567,1,2023-07-21,3
24422,14,2023-07-18,2
24422,7,2023-07-28,2
22277,9,2022-08-28,5
22277,9,2022-11-01,3
23029,7,2023-07-24,4
23029,10,2023-12-29,1
23029,12,2024-10-05,3
23029,14,2025-02-22,5
23029,15,2025-06-27,3
24859,10,2023-05-08,2
24859,7,2023-09-14,2
23897,15,2022-06-19,1
23897,13,2022-09-09,1
22963,14,2022-11-01,4
22963,3,2023-05-09,5
22963,5,2023-04-17,3
22963,1,2023-05-19,5
21527,14,2022-10-31,4
21692,15,2024-03-17,1
21692,1,2024-01-01,2
21692,11,2023-12-28,4
21692,10,2023-12-31,4
21692,3,2024-03-16,5
20431,1,2023-05-20,4
20431,5,2023-06-13,2
20431,10,2023-05-09,3
20431,2,2023-04-03,3
20431,14,2023-05-30,2
21202,9,2022-10-19,4
21202,10,2022-05-06,2
21202,4,2022-07-10,3
21202,1,2022-08-31,2
21868,2,2024-10-15,2
21868,10,2025-02-04,5
21868,12,2025-05-03,5
21868,13,2025-02-05,5
21868,1,2024-08-17,3
23766,2,2023-05-17,3
23766,7,2023-06-07,2
23766,5,2023-07-07,2
23766,4,2023-07-19,1
23766,5,2023-05-15,3
20980,12,2023-02-27,4
20980,3,2023-02-23,2
20980,4,2023-03-03,1
20980,9,2023-01-30,4
24682,1,2023-12-23,1
24682,6,2023-10-27,2
24682,14,2023-10-28,3
20363,2,2023-06-14,2
20363,4,2023-05-04,5
20363,2,2023-07-30,4
20363,1,2023-04-07,5
20363,14,2023-03-22,2
21864,1,2023-03-14,4
21864,14,2023-04-19,2
21864,3,2023-01-07,4
21864,3,2023-11-20,3
22950,5,2021-12-10,5
24455,12,2024-03-16,5
24455,13,2024-10-30,4
24455,12,2024-11-19,3
24455,1,2024-11-20,2
24455,5,2024-12-13,1
23033,2,2023-07-30,5
23033,6,2024-06-03,5
23033,10,2024-04-05,4
23033,1,2023-11-26,5
24518,14,2022-12-19,2
24518,5,2023-02-05,5
24518,2,2023-02-14,3
24518,14,2023-01-21,3
21174,5,2022-08-02,4
21174,12,2022-07-21,2
21454,9,2023-02-08,5
21454,10,2022-11-07,2
23875,4,2022-11-26,5
23875,3,2022-11-26,3
23875,7,2022-01-26,5
23875,4,2022-05-28,4
23442,15,2023-04-15,2
23442,4,2023-03-11,2
23442,4,2023-04-24,4
23442,3,2023-04-25,1
24275,2,2022-12-10,2
24275,3,2022-06-14,3
24275,4,2022-03-25,1
24275,6,2022-06-02,2
23315,4,2024-01-04,3
23315,5,2023-11-18,2
23315,15,2024-09-19,5
23315,7,2024-04-16,2
22169,1,2022-09-04,3
22169,5,2022-12-24,2
22148,8,2022-10-29,2
22148,13,2023-04-09,4
22148,2,2023-03-17,5
22148,10,2023-03-24,3
22148,13,2023-01-05,1
22865,14,2022-07-14,1
22865,3,2021-11-06,5
22865,3,2021-09-28,5
22865,5,2021-11-28,3
22865,11,2022-10-09,5
21049,4,2022-06-10,5
21049,10,2022-06-01,1
21049,3,2023-02-18,3
21049,3,2022-08-03,5
24005,11,2024-11-27,4
24005,15,2024-12-03,4
24005,5,2024-12-07,4
24005,4,2024-12-08,2
24005,3,2024-11-25,4
20487,12,2023-02-18,2
20487,8,2023-02-15,1
20487,4,2022-11-09,4
20487,4,2023-01-19,1
20042,14,2025-03-06,4
20042,2,2024-11-14,1
20042,5,2024-06-01,2
20042,9,2024-06-30,5
21221,10,2022-05-03,5
21221,11,2022-05-15,3
24886,14,2023-03-17,4
24108,5,2023-04-04,2
24108,15,2023-02-23,1
24108,2,2023-04-10,4
24108,3,2023-04-26,1
23201,7,2022-05-16,4
23201,13,2022-09-09,1
21270,7,2025-09-25,4
20982,9,2022-09-24,4
20982,14,2022-09-18,3
24337,11,2023-10-25,1
24337,11,2023-03-24,3
24337,1,2023-04-21,4
24337,9,2023-07-31,1
24337,14,2023-06-03,4
23706,3,2023-09-22,3
23706,2,2023-04-14,3
23066,4,2024-12-30,3
23066,14,2024-07-28,1
23066,9,2024-09-18,5
23066,9,2024-08-27,1
22108,14,2025-10-10,3
24091,4,2023-07-07,1
24091,2,2023-06-15,5
24091,2,2023-07-11,3
21264,12,2024-03-29,2
21264,7,2024-08-19,2
24846,2,2023-12-10,5
24846,14,2023-02-14,4
22314,14,2022-04-29,2
23062,13,2024-07-30,2
23062,5,2024-08-24,3
23062,3,2024-09-18,5
23062,8,2024-05-03,5
22755,13,2022-05-27,3
22755,13,2022-09-28,2
22755,14,2022-09-15,1
20491,9,2023-08-14,2
21973,11,2023-08-10,2
21973,11,2023-10-06,5
21973,5,2023-07-29,1
21815,5,2024-05-11,2
21815,10,2023-12-03,1
21815,3,2024-07-10,4
21815,15,2023-12-30,5
21815,1,2024-08-29,4
24923,7,2024-02-22,4
24923,7,2024-01-04,3
23631,4,2022-02-20,3
24183,14,2024-02-01,3
24183,1,2023-10-27,4
23883,5,2024-08-29,1
23883,13,2024-10-09,2
23883,15,2024-06-01,2
23883,12,2024-06-24,3
23883,13,2024-10-06,1
22694,6,2023-06-06,5
22694,8,2023-06-05,3
22694,14,2022-05-24,5
24802,4,2023-12-08,2
24802,10,2023-12-10,2
24802,15,2024-01-06,4
24661,9,2023-11-19,3
24661,1,2022-09-10,2
24661,11,2022-02-16,2
24919,2,2024-01-12,4
24919,1,2022-10-20,4
24919,11,2024-03-03,2
23482,3,2023-11-18,3
23482,5,2023-11-04,2
23482,1,2023-07-31,2
23482,12,2023-12-01,4
20428,9,2022-08-26,1
20428,2,2022-09-21,5
20428,3,2022-09-27,4
20428,3,2022-08-29,2
20428,4,2022-07-19,4
24022,3,2022-03-25,2
24022,11,2023-01-12,2
24022,11,2022-07-15,4
24022,3,2022-07-19,5
21131,14,2023-02-18,2
24189,2,2022-11-12,4
23115,2,2024-04-15,3
23115,15,2024-04-21,2
23115,3,2024-02-06,2
23115,13,2024-02-25,5
22506,12,2024-02-13,4
22506,14,2024-03-02,2
22506,1,2024-03-03,3
24748,1,2022-11-08,5
24748,8,2022-10-14,2
24748,4,2022-10-13,1
24748,2,2022-08-18,1
24748,3,2022-11-04,3
23933,1,2023-02-03,4
23933,4,2023-03-19,1
24335,5,2023-10-14,2
24335,11,2025-02-08,5
24335,15,2024-08-21,4
21553,3,2023-08-06,2
21553,13,2023-06-15,3
23173,3,2023-07-14,2
23173,15,2023-06-19,5
23173,2,2022-12-18,1
23173,2,2023-08-13,4
23173,6,2023-04-22,1
21080,8,2022-05-20,5
21080,4,2022-06-09,4
21080,8,2022-06-03,3
21080,9,2022-04-18,3
22547,1,2022-09-18,2
24111,7,2023-06-06,4
24111,4,2023-01-24,1
24111,1,2023-03-14,5
24111,8,2023-06-16,2
24111,14,2023-07-14,3
24201,14,2024-08-03,2
24201,1,2024-08-15,2
24201,8,2024-03-20,2
24201,5,2024-05-02,4
24201,5,2024-07-08,4
20856,7,2022-05-18,5
20856,11,2022-06-27,3
20856,5,2022-07-02,5
20856,9,2022-08-03,4
20856,2,2022-07-22,2
24018,4,2024-01-25,4
24018,3,2025-03-15,4
24018,10,2025-04-20,5
24235,14,2023-11-07,3
24235,12,2023-07-26,4
24235,2,2024-02-20,1
24235,1,2023-06-20,2
23120,1,2024-12-10,4
24469,13,2025-02-16,1
24469,3,2024-05-02,2
24469,1,2025-01-03,2
23853,1,2025-02-14,5
23853,11,2024-03-16,2
23853,8,2025-05-10,1
21318,9,2022-04-28,2
21318,7,2022-06-02,1
24600,13,2023-07-23,4
20418,6,2023-04-10,1
20418,4,2023-02-25,5
20418,1,2023-08-02,2
20418,11,2023-04-10,4
20418,4,2023-02-04,4
20519,1,2023-12-12,3
20519,5,2024-09-06,4
22700,15,2022-12-26,2
22700,7,2023-02-06,1
22700,9,2023-01-09,5
22700,15,2023-04-09,3
24656,5,2022-05-22,3
24656,5,2021-09-17,1
23938,2,2024-04-20,2
23938,4,2024-05-08,4
23938,15,2023-05-19,2
24735,6,2023-03-09,2
24735,2,2023-03-28,5
24735,8,2023-04-15,1
23834,4,2023-08-26,3
23834,3,2023-05-08,3
23834,1,2023-05-17,2
22023,3,2022-11-02,4
23662,3,2023-03-02,2
23662,2,2023-10-02,2
23662,13,2023-12-23,3
20702,1,2024-06-15,5
20702,14,2024-08-29,4
23010,6,2023-04-16,3
22145,5,2023-02-14,3
22145,12,2023-01-27,3
22145,5,2023-04-20,1
23579,1,2024-01-30,5
23579,4,2023-07-06,2
23579,1,2023-05-10,1
23579,4,2023-10-14,4
22680,14,2023-03-11,3
22680,13,2023-08-22,4
22680,7,2023-07-30,2
22631,6,2024-08-18,3
22631,10,2025-04-27,2
22631,3,2025-09-11,3
22631,5,2024-07-07,1
23408,3,2023-04-24,4
24136,10,2022-06-26,3
24136,13,2022-07-14,3
21269,12,2023-08-05,3
21269,8,2023-03-10,1
21269,5,2023-12-19,3
21269,9,2023-08-05,4
22570,2,2023-01-11,2
22570,10,2022-11-17,5
22570,1,2022-12-02,5
23330,9,2022-08-02,5
23330,4,2022-08-01,2
21721,1,2023-09-22,3
21721,9,2023-09-17,1
21721,1,2024-01-26,4
21721,14,2023-10-09,4
21721,15,2023-12-10,2
21144,5,2024-02-25,4
21144,2,2022-08-07,2
21144,11,2023-01-13,4
21144,4,2022-09-08,2
21079,12,2022-06-26,4
21079,15,2022-10-23,3
21079,9,2022-05-13,1
23610,3,2022-11-11,4
23610,7,2023-04-16,4
23610,8,2023-03-31,3
21074,1,2025-02-19,5
21074,14,2024-07-23,1
23015,7,2025-03-25,5
23015,12,2025-09-13,2
23015,6,2025-06-07,1
20753,15,2023-10-31,2
20753,1,2023-10-01,3
20753,4,2023-09-25,4
23964,3,2022-11-03,5
23964,7,2023-03-27,1
23964,10,2022-12-09,4
23964,7,2023-02-21,2
23178,11,2021-10-24,5
23178,10,2021-09-16,3
23178,3,2021-07-27,1
23178,14,2021-11-27,4
20831,5,2023-04-15,5
20831,4,2022-11-26,3
20831,13,2023-03-09,2
20831,1,2023-01-19,2
20831,13,2022-07-01,4
22379,3,2023-03-29,2
22075,5,2021-06-11,3
20441,2,2022-12-18,2
23005,4,2025-05-16,5
23005,15,2024-06-30,2
22356,6,2022-11-27,3
22356,10,2023-04-18,1
22356,13,2022-10-31,2
22356,5,2022-11-17,4
23101,4,2024-07-27,4
23101,1,2024-07-09,2
23696,4,2021-08-28,5
23696,3,2022-05-24,1
23696,7,2022-03-30,1
23696,15,2022-03-28,2
23696,3,2022-04-16,1
22646,2,2022-07-23,1
22646,5,2022-07-28,3
22646,1,2022-03-20,3
22646,15,2022-06-15,3
22646,3,2022-02-02,3
23182,2,2023-10-28,2
22729,14,2025-03-25,1
23890,1,2023-09-06,1
23890,2,2024-05-27,2
23890,12,2024-05-05,2
23890,1,2024-02-25,4
24338,2,2023-03-19,1
23363,7,2023-03-13,5
23363,1,2023-03-26,4
23363,3,2023-01-29,2
23363,7,2023-01-24,1
23363,2,2023-04-12,2
23934,3,2024-08-11,3
23934,9,2024-02-03,5
23968,4,2024-04-21,2
23968,3,2024-02-06,3
22541,15,2024-07-29,2
22354,5,2024-10-25,2
22354,5,2024-11-28,5
22354,7,2024-07-26,2
23978,1,2023-01-02,2
20479,3,2023-12-09,3
20479,8,2023-12-07,1
20479,2,2023-11-16,5
23849,3,2024-08-10,3
23849,3,2023-08-09,3
23849,6,2023-11-25,5
20015,1,2023-04-24,2
20015,7,2023-01-07,3
20015,2,2023-09-29,1
21465,1,2022-12-20,4
21019,6,2023-03-22,1
21805,4,2024-09-01,2
21805,8,2024-11-06,2
23919,12,2022-07-30,2
22440,3,2023-12-04,3
22440,7,2024-01-09,1
23721,3,2024-12-11,4
23721,5,2024-10-26,4
23721,8,2024-11-25,2
23721,6,2024-12-12,2
23721,1,2024-12-10,4
20772,9,2024-03-01,1
20772,1,2024-03-16,3
20772,2,2024-03-24,3
20140,11,2023-09-20,2
20140,1,2023-09-13,4
20140,12,2023-05-21,3
20140,8,2023-08-27,3
23581,4,2022-12-24,1
23581,2,2023-01-31,4
20176,5,2022-02-19,5
20176,13,2022-04-16,3
21740,1,2023-11-03,5
21740,1,2024-02-07,1
21740,10,2022-06-24,3
21740,6,2023-02-16,2
21740,2,2023-10-10,4
23106,1,2024-12-16,1
23106,4,2024-12-08,2
20835,15,2024-06-01,5
20835,3,2024-04-16,2
23868,4,2023-01-25,1
23868,7,2023-05-02,5
23868,1,2023-01-26,2
23868,2,2023-04-14,4
23868,4,2023-01-04,2
20158,13,2023-06-22,2
20158,13,2023-06-10,1
20158,2,2023-04-30,4
20158,8,2023-06-04,2
20158,5,2023-05-18,3
21556,3,2023-01-22,2
24368,1,2025-07-08,4
24368,13,2025-06-18,3
24368,5,2025-06-18,2
24368,2,2025-07-05,1
24368,3,2025-06-06,2
24538,5,2024-05-05,4
21337,2,2025-05-05,1
21337,1,2025-03-08,5
21337,3,2025-02-28,2
21337,4,2025-05-01,3
24547,7,2024-05-23,2
24547,5,2023-07-25,1
24547,4,2024-06-14,3
24547,7,2024-04-04,2
21900,5,2024-04-21,5
21900,5,2023-04-06,4
21900,9,2024-08-07,2
21900,13,2024-08-11,3
23421,6,2023-11-02,3
23421,11,2023-09-28,1
23421,7,2023-11-26,3
23421,13,2023-07-31,3
23421,3,2023-10-28,5
23972,2,2022-10-13,5
23972,4,2023-02-25,5
20953,4,2023-01-19,2
22798,4,2023-02-08,3
22798,6,2023-11-06,3
22798,5,2023-02-28,5
22798,7,2023-12-20,3
24902,5,2022-08-21,4
24902,5,2022-06-27,3
24902,3,2022-06-13,5
24902,6,2022-07-26,5
22932,3,2023-05-28,2
22932,11,2023-06-13,1
22932,12,2021-10-07,5
22736,8,2023-04-07,5
22736,15,2023-06-11,5
24446,4,2022-07-16,1
20071,7,2024-12-03,2
20071,15,2025-01-29,2
21161,2,2022-07-30,2
21161,1,2022-09-05,3
21161,13,2023-01-15,1
21161,13,2022-09-06,2
21161,5,2022-11-22,3
20377,8,2023-09-17,1
20411,5,2022-03-17,2
23745,7,2023-12-31,2
23745,15,2024-04-25,3
23745,1,2024-04-05,2
23745,4,2024-01-29,2
23745,5,2023-09-23,1
20332,2,2023-10-10,2
20332,7,2023-12-10,2
20332,5,2023-10-24,2
20332,1,2023-10-22,4
21392,4,2022-12-17,2
21043,3,2025-05-04,1
21043,13,2025-09-15,4
21043,7,2025-06-14,1
21043,13,2024-09-26,3
21043,13,2024-07-05,1
20738,12,2023-11-12,2
23744,2,2022-11-11,1
22635,4,2024-11-17,5
21341,2,2023-04-04,4
21541,9,2023-04-14,5
21541,4,2023-03-15,2
21541,1,2023-04-24,5
22458,14,2024-08-04,3
22458,15,2023-03-15,2
22458,5,2023-01-20,3
20422,8,2023-01-05,5
20422,1,2022-10-23,2
23867,8,2023-03-26,2
23867,7,2023-02-23,2
23867,13,2023-03-17,2
23867,5,2023-02-12,1
24964,12,2023-10-09,5
24964,9,2024-04-28,1
24964,1,2025-01-30,1
21199,8,2025-07-05,4
21199,5,2025-03-26,2
21199,1,2025-07-23,2
22312,11,2021-09-19,4
22312,5,2021-12-29,2
22312,4,2021-10-05,2
22358,14,2024-06-02,4
22358,13,2024-05-21,3
22358,9,2024-06-17,2
22358,9,2024-08-13,3
22005,8,2024-12-10,3
23572,5,2025-03-20,3
23572,7,2023-11-05,2
23572,14,2024-09-09,2
23572,4,2023-10-01,1
22929,5,2025-05-03,1
22929,1,2025-08-05,5
24011,2,2024-03-29,5
23209,3,2023-02-03,3
23209,1,2023-03-04,4
23209,8,2022-10-20,2
23209,7,2022-12-28,1
23209,3,2023-07-12,4
23692,4,2022-07-03,3
23692,2,2022-07-12,1
23692,9,2022-03-08,4
23692,1,2022-05-09,3
20815,9,2022-12-05,3
20330,6,2025-03-15,2
20330,13,2025-03-31,1
20330,3,2025-06-13,4
20330,10,2025-05-14,1
20330,6,2025-06-05,2
22264,1,2024-12-19,3
22264,14,2024-07-18,5
22264,8,2024-06-22,4
22264,3,2024-07-19,5
20705,10,2023-06-16,1
20705,1,2022-10-27,2
20705,3,2022-12-07,2
20705,3,2023-08-10,3
20705,1,2023-05-08,4
22915,3,2024-04-20,2
22915,12,2024-06-10,1
22915,2,2024-02-18,4
22915,5,2024-04-28,4
20713,6,2024-01-08,2
20713,7,2023-10-13,2
20918,10,2023-03-24,4
22120,9,2023-05-29,1
22120,4,2023-04-25,5
22120,3,2023-04-10,1
22120,15,2023-02-03,2
22120,5,2023-01-14,4
23262,9,2023-03-09,5
22836,3,2024-09-24,4
22836,1,2023-11-23,4
22836,10,2024-09-10,3
23318,4,2024-10-03,1
23318,7,2024-01-09,1
23318,4,2025-05-10,3
23318,5,2024-10-06,3
20294,2,2022-07-10,5
20294,4,2022-09-21,1
20294,5,2022-11-29,4
20294,2,2022-12-15,3
20294,9,2022-08-29,1
23229,4,2023-09-13,4
20610,8,2023-11-09,2
20610,3,2024-08-06,5
20610,3,2024-06-24,3
20610,12,2024-10-15,1
24956,11,2024-09-15,2
20579,5,2023-12-16,3
22709,15,2023-05-29,4
22709,9,2023-05-16,2
22709,4,2023-06-12,4
22709,5,2023-03-26,1
20356,13,2024-11-10,4
20356,5,2025-03-31,5
20356,1,2025-10-07,3
20356,3,2024-09-06,2
22884,9,2023-03-27,1
22884,13,2023-06-24,1
24377,4,2022-10-29,4
24377,3,2023-04-08,2
24377,4,2023-11-26,1
24377,4,2024-05-06,3
24014,15,2023-06-23,4
24014,4,2023-06-26,4
24014,11,2022-08-27,5
24014,4,2023-07-04,1
24014,13,2023-06-08,2
21370,5,2024-12-15,5
21370,11,2025-01-04,3
21370,8,2024-08-20,3
22213,14,2025-01-02,5
22213,5,2024-03-22,5
22213,10,2024-08-17,2
20476,3,2023-12-14,4
23807,2,2022-03-29,2
23807,4,2023-07-11,4
20122,11,2022-10-27,1
24771,14,2023-12-16,5
24771,9,2023-12-11,4
24686,4,2024-01-13,5
24686,5,2023-09-11,5
24686,4,2023-10-27,1
24686,3,2023-09-22,4
21734,8,2025-04-10,1
21734,15,2025-04-05,2
23649,5,2023-10-12,5
20444,15,2021-12-24,1
20444,3,2022-11-26,3
20444,1,2022-10-07,2
20444,1,2022-05-10,1
22295,3,2024-04-18,5
22295,12,2024-03-10,5
21804,14,2023-07-12,4
21804,3,2024-04-28,4
21804,4,2024-02-08,2
21804,1,2024-04-02,5
21804,4,2023-09-05,5
22228,4,2024-08-04,4
22228,11,2024-05-29,2
22228,2,2024-08-15,4
24179,3,2023-09-08,3
24179,3,2023-12-02,2
21034,8,2022-07-10,1
21034,13,2022-11-20,2
21034,10,2023-03-02,5
21034,4,2022-08-08,5
24284,2,2022-08-29,5
23805,3,2023-01-14,4
21419,3,2024-02-15,5
21419,13,2024-04-07,4
21419,1,2024-03-31,1
21419,2,2024-02-29,3
21419,9,2024-07-02,5
23901,9,2024-01-10,1
23901,11,2024-01-09,2
23901,2,2024-01-04,4
23901,5,2023-11-03,4
24567,4,2023-11-21,3
24567,7,2024-07-30,5
20194,6,2024-01-21,5
20194,3,2024-08-21,5
20194,13,2024-01-09,3
20194,13,2024-09-25,2
20194,7,2024-06-08,5
23472,10,2022-12-19,4
23472,2,2022-09-10,4
23472,8,2022-10-24,2
20320,13,2024-04-07,2
20320,11,2023-12-10,5
20320,9,2024-02-12,3
20320,4,2023-11-26,1
20320,1,2024-02-23,3
20105,5,2023-07-04,1
20105,15,2023-09-21,5
20105,13,2023-07-17,3
21878,2,2022-06-30,1
21878,3,2023-10-04,1
21878,15,2022-07-09,3
21878,14,2023-06-24,2
21324,7,2023-06-04,4
21324,4,2023-05-05,3
21010,7,2023-04-09,5
21010,6,2023-07-27,2
21010,12,2023-05-31,3
21700,2,2024-04-23,2
21700,1,2023-08-26,1
21700,14,2023-09-17,4
21700,4,2024-03-23,1
21700,10,2023-11-25,4
20068,15,2023-12-23,4
20068,3,2024-10-19,4
20068,7,2024-04-09,2
20068,2,2024-01-24,3
24055,7,2024-11-03,5
24055,14,2024-12-02,2
24055,2,2025-02-16,2
24055,6,2025-01-31,2
22878,2,2023-11-18,2
24474,8,2023-05-31,4
24474,4,2023-07-14,5
24474,5,2023-07-29,5
24474,10,2023-05-13,1
24474,5,2023-06-20,2
23085,2,2025-01-20,4
23085,3,2025-01-23,1
23085,8,2024-12-13,1
21423,9,2022-08-09,4
21423,11,2022-06-16,5
20189,14,2022-11-28,2
20189,3,2023-12-28,1
20189,6,2023-09-21,3
20189,8,2022-07-15,5
20189,12,2023-04-24,2
20693,13,2024-02-22,5
20693,4,2024-02-05,2
24874,3,2024-10-13,1
24874,5,2024-04-10,2
24874,10,2024-07-29,3
24874,13,2024-10-15,3
20010,11,2021-07-09,1
20010,6,2021-07-23,5
20010,15,2021-11-12,3
20010,4,2021-12-09,4
21041,3,2023-09-01,4
21041,6,2023-10-11,2
21041,5,2024-01-10,3
21041,13,2024-01-31,2
23341,2,2022-09-16,5
21926,14,2024-01-03,4
21926,2,2023-12-01,5
22893,3,2023-04-05,1
22893,2,2023-03-14,5
22893,9,2023-04-03,4
22893,2,2023-05-24,2
22893,10,2023-05-15,4
24385,7,2023-02-01,2
24339,1,2022-09-10,3
24339,3,2022-10-07,2
24339,15,2022-08-12,1
22096,2,2025-06-25,2
23142,9,2023-06-18,3
23142,11,2024-05-16,5
23142,5,2023-11-11,3
23142,15,2024-10-24,2
23142,5,2024-11-06,5
21076,12,2025-01-12,4
21076,14,2025-01-29,2
21076,2,2025-02-28,4
23279,14,2022-08-14,4
20901,2,2022-12-08,5
20901,5,2022-09-14,3
20901,11,2022-09-21,2
20901,3,2022-09-14,5
22085,2,2025-01-24,3
20409,3,2022-12-30,3
20409,1,2023-04-18,5
20409,2,2022-12-31,1
20409,14,2023-05-29,5
24904,8,2024-09-08,1
24904,5,2024-08-26,5
24717,6,2022-11-09,2
24717,13,2022-12-12,5
22066,3,2023-02-08,2
22066,8,2023-01-31,5
22066,7,2023-01-11,4
22066,1,2023-01-10,1
20663,5,2023-03-25,5
20663,6,2023-01-16,2
20663,3,2023-01-12,4
20663,11,2023-03-22,1
20663,14,2023-03-30,5
23232,9,2022-11-08,1
23232,5,2023-05-22,3
23232,10,2023-06-11,2
23232,15,2022-09-20,2
23232,14,2023-07-17,5
22771,13,2024-09-08,5
22771,1,2024-08-22,5
22771,1,2025-05-14,4
22771,11,2024-09-13,5
22771,9,2025-01-17,4
23912,13,2024-02-22,4
23912,4,2024-02-19,3
23912,12,2024-01-29,1
24903,15,2024-04-15,5
24903,7,2024-01-30,3
23847,10,2024-05-19,4
21402,13,2025-05-28,4
21402,4,2025-06-14,4
24852,8,2023-07-16,2
21964,4,2024-11-30,1
20951,3,2024-05-01,1
20951,7,2023-07-06,1
20951,14,2024-04-20,3
20951,14,2024-01-16,2
21333,13,2024-01-14,5
21333,9,2024-03-31,2
21333,7,2024-08-14,1
21333,11,2024-08-01,2
23407,1,2023-02-15,2
20832,2,2023-04-01,4
20832,4,2023-03-08,2
20832,8,2023-02-13,3
22245,6,2024-04-28,1
22245,5,2024-01-09,3
22245,5,2024-06-21,3
22245,6,2024-06-24,1
22245,2,2024-05-27,4
22819,11,2021-06-30,1
22819,8,2021-10-10,4
22819,10,2021-10-13,1
22819,5,2021-08-30,1
22567,6,2025-06-20,1
22403,8,2023-12-19,5
22403,5,2024-02-11,5
22403,5,2024-01-05,2
23297,3,2022-06-02,2
23297,4,2022-02-11,3
23297,14,2021-10-24,1
23297,7,2022-06-20,5
23297,14,2022-04-02,2
21268,11,2023-04-05,2
21268,6,2023-04-23,1
21268,13,2023-11-12,4
21268,7,2023-09-17,3
21268,5,2023-05-31,2
21215,4,2023-07-07,1
21215,3,2023-07-14,5
21215,11,2023-02-27,4
23646,9,2023-07-28,1
23646,2,2023-09-01,3
21778,4,2022-11-08,1
21778,15,2022-06-01,1
21778,9,2022-03-23,5
21778,12,2022-05-01,1
22792,11,2023-01-22,3
21716,1,2025-06-01,2
21716,1,2024-07-07,1
23540,4,2024-05-31,4
23127,11,2022-08-27,4
21885,4,2025-10-29,4
21885,10,2025-05-04,3
21295,4,2022-07-01,1
21295,9,2022-06-27,1
21155,1,2023-05-04,2
21155,4,2023-05-23,1
21155,10,2024-04-08,3
20271,13,2024-10-22,1
20271,11,2024-08-20,4
20670,10,2023-08-14,4
20670,2,2024-01-02,2
20670,12,2023-09-29,4
20670,3,2023-10-15,5
20365,4,2022-03-17,5
20365,5,2022-01-03,3
20365,11,2022-03-09,2
21421,3,2022-07-25,4
23497,4,2022-03-29,4
20740,4,2024-02-28,1
20740,3,2024-01-16,2
20740,5,2023-12-14,5
20740,8,2023-01-06,2
20740,5,2024-05-02,3
24065,4,2023-12-28,5
24065,2,2023-05-14,2
24065,1,2024-06-07,1
24065,5,2025-04-15,5
24065,14,2024-09-15,3
21694,6,2022-01-25,3
21694,6,2022-09-10,2
21694,5,2022-08-25,3
22049,4,2025-02-14,5
22049,1,2025-02-01,2
22049,2,2025-07-30,1
22049,2,2025-01-17,3
22323,10,2022-12-12,1
22323,9,2022-10-29,2
22323,4,2023-01-10,1
20434,4,2025-07-07,4
20434,3,2023-12-15,4
20434,4,2024-09-22,3
21963,12,2022-08-31,5
21963,4,2022-05-24,5
21963,1,2022-01-11,1
21434,4,2024-03-17,2
21434,5,2023-12-21,4
21434,4,2024-06-21,5
22276,1,2024-04-28,5
22276,5,2024-04-15,4
22276,4,2024-10-25,3
22276,1,2024-02-05,3
22276,14,2024-07-30,3
21691,4,2025-05-09,5
21691,2,2024-09-10,1
21691,9,2024-11-05,4
21691,14,2025-05-27,2
20506,4,2024-02-19,5
20506,3,2023-05-05,5
20506,11,2024-10-22,3
20667,5,2023-10-16,3
20667,3,2023-07-23,2
20667,9,2023-08-25,2
20667,1,2023-05-14,1
20089,9,2023-01-02,3
20089,1,2022-09-25,5
20089,4,2022-05-21,4
20089,1,2022-04-25,4
22772,3,2022-11-29,4
23368,6,2023-02-09,5
20620,2,2023-09-13,3
20620,1,2025-04-17,5
20620,14,2024-04-19,5
20620,4,2024-12-31,3
20620,5,2024-09-20,1
24543,1,2023-10-13,1
24543,12,2024-06-13,4
24543,8,2024-08-05,2
21193,12,2024-03-08,3
20484,5,2023-08-09,3
24557,15,2024-06-03,2
24557,8,2024-03-09,4
24557,7,2022-12-21,4
24557,4,2023-01-11,3
24557,11,2023-11-17,4
21748,1,2023-03-17,5
21748,3,2023-12-30,3
20472,13,2022-12-06,3
22393,7,2022-03-22,5
24627,15,2022-01-17,2
24627,7,2022-02-10,4
24627,11,2022-06-03,3
24627,11,2022-06-06,2
24627,10,2022-04-30,4
24168,6,2023-06-07,1
22298,13,2024-07-16,4
22071,3,2025-10-31,4
22071,7,2025-04-16,4
22071,10,2025-05-29,4
22071,14,2025-03-07,1
22402,5,2024-10-30,2
22603,7,2024-08-06,1
22603,1,2025-01-31,2
22603,8,2025-04-25,4
22603,4,2024-06-04,1
22603,14,2025-01-22,3
21148,11,2024-11-17,1
21148,2,2024-01-29,1
21148,14,2024-05-09,2
20097,3,2023-09-16,4
23190,14,2024-10-05,1
23726,5,2023-05-17,5
23726,5,2023-03-19,2
23726,7,2023-06-08,3
23726,10,2024-01-29,4
23726,13,2023-04-06,3
23177,3,2024-03-20,1
23177,7,2023-12-03,4
23177,15,2024-06-04,2
23177,9,2024-08-22,5
23845,5,2024-05-26,3
23845,5,2024-07-19,3
23845,1,2024-05-13,5
23845,14,2024-05-18,5
24367,1,2022-08-28,5
24367,1,2022-10-16,1
23470,2,2025-02-10,3
20128,8,2024-11-22,1
20128,1,2024-10-03,4
20128,10,2024-09-13,4
20128,11,2024-09-30,3
24536,15,2023-08-27,2
24536,1,2023-08-04,1
23047,9,2024-03-12,1
23047,4,2023-10-22,3
21617,13,2024-01-19,4
21617,11,2023-10-06,4
21617,4,2024-07-21,1
23074,3,2025-01-02,3
20580,4,2024-03-02,5
20580,5,2023-01-09,1
20580,11,2023-07-17,2
20580,14,2023-03-28,3
24144,5,2022-10-09,2
24144,13,2023-07-16,2
24144,3,2022-12-13,3
24144,5,2023-03-06,4
24835,2,2022-09-22,4
24835,1,2022-10-21,2
24835,2,2023-01-08,3
24835,2,2022-11-01,2
24835,15,2023-03-21,2
21385,13,2023-05-22,2
21385,15,2024-11-13,2
21385,7,2023-12-14,3
21385,2,2024-06-19,1
24851,3,2023-11-23,2
24851,4,2023-12-28,5
24851,8,2023-12-03,2
24851,2,2024-01-15,1
20298,2,2023-09-19,4
20298,6,2023-10-13,2
20298,6,2023-10-04,3
20298,6,2024-02-17,1
20298,15,2024-02-12,3
20500,4,2023-08-16,2
20291,3,2023-11-01,1
20291,8,2023-06-09,2
23292,3,2024-07-20,1
23292,15,2023-12-25,5
24106,7,2024-05-11,2
24106,1,2024-05-11,1
24106,8,2024-08-07,3
24106,3,2024-06-22,2
24106,2,2025-05-04,1
21816,1,2024-06-13,3
23729,5,2025-03-19,1
21707,1,2023-12-31,1
21707,11,2024-03-08,1
21707,6,2024-07-28,1
21707,3,2024-04-07,4
22616,1,2025-06-10,2
22616,3,2023-11-09,3
20540,7,2024-01-08,5
20540,13,2023-12-23,4
20540,4,2024-04-28,3
20540,5,2024-01-25,4
20540,15,2024-03-29,5
21628,1,2023-03-05,2
21628,7,2023-02-28,1
21628,2,2023-02-06,1
22034,7,2022-03-02,5
22034,1,2022-06-22,5
22034,7,2022-07-13,5
22034,13,2022-01-26,4
22034,6,2022-06-18,1
21007,15,2024-02-07,1
21007,4,2024-07-19,2
21007,5,2024-09-15,4
21824,5,2024-02-13,3
20397,5,2024-03-08,2
20397,5,2023-12-16,4
20397,3,2023-12-28,2
20397,10,2024-01-15,2
24075,11,2022-12-08,1
23620,7,2024-07-22,4
23850,1,2023-09-04,5
23850,11,2023-08-29,2
23850,6,2023-08-20,3
23850,5,2023-10-11,2
23850,8,2023-08-17,2
22952,3,2022-11-01,3
22952,9,2022-06-23,4
20146,5,2022-06-10,5
20146,7,2022-05-24,1
20146,4,2021-12-28,3
20146,11,2022-05-02,5
20242,6,2023-08-07,1
21943,3,2023-08-22,2
21943,8,2023-06-25,1
21943,2,2023-07-04,3
21943,7,2023-06-05,1
23278,14,2022-11-07,4
23278,11,2022-10-17,3
23278,9,2022-10-27,4
22628,1,2024-07-22,1
22705,13,2024-04-22,4
22705,8,2024-04-25,3
22705,7,2024-03-15,2
22705,1,2024-03-13,5
22725,5,2023-09-25,1
22725,2,2022-11-08,1
22725,8,2022-11-13,1
22042,4,2024-04-12,2
22042,14,2023-11-20,4
21414,5,2024-06-12,5
24147,1,2023-11-25,3
24147,8,2024-01-22,5
24147,3,2023-12-06,4
22995,13,2023-08-01,1
22995,2,2023-09-06,2
22995,12,2023-08-17,4
22559,6,2022-11-04,4
22559,6,2022-11-19,2
22559,2,2022-11-06,3
22559,4,2023-03-10,3
22559,3,2022-12-08,2
21509,7,2022-05-17,5
21509,2,2022-04-30,2
24057,5,2024-12-31,1
24057,5,2025-01-07,3
24057,4,2024-09-27,3
22036,8,2023-04-16,4
23861,2,2023-08-22,4
22777,1,2023-01-03,5
22777,7,2022-11-28,4
22777,2,2022-12-17,4
22777,13,2022-12-16,2
22777,4,2022-11-13,3
20003,2,2024-01-14,1
23468,12,2025-05-31,3
20049,15,2024-04-15,2
24405,11,2023-12-16,3
24405,10,2023-09-09,1
24405,8,2023-05-09,3
24405,1,2023-12-16,3
24405,3,2023-09-07,1
24262,8,2022-05-22,5
24262,4,2022-08-01,5
22002,2,2024-09-23,1
22002,9,2024-08-27,3
22002,2,2024-09-19,2
22002,11,2024-08-30,3
22002,8,2024-08-11,5
21540,3,2023-09-24,5
21540,1,2023-11-21,4
21540,11,2023-10-01,5
24641,2,2021-09-08,4
24641,10,2022-10-04,5
24641,15,2021-12-10,1
24641,5,2022-02-21,5
21590,7,2022-07-26,1
22200,13,2023-07-11,5
22200,10,2023-02-20,3
22200,2,2023-06-07,3
22200,5,2023-05-31,5
24625,5,2023-09-11,2
24625,1,2023-12-03,4
24625,4,2024-02-08,3
24625,8,2023-09-26,4
24625,4,2024-01-16,4
21064,1,2023-09-18,4
21064,10,2023-06-19,5
21516,9,2024-04-18,2
21516,3,2024-06-25,4
21516,1,2024-03-11,2
21516,6,2024-01-22,2
21516,4,2024-12-25,4
20169,11,2023-06-26,3
20169,6,2022-10-08,1
20169,14,2023-01-29,3
23417,7,2022-10-15,2
22353,6,2023-12-17,3
22353,11,2024-12-14,2
22353,6,2024-12-07,4
22353,14,2024-10-27,2
22353,2,2024-02-17,2
20308,11,2023-01-26,5
20308,8,2023-01-11,4
23276,15,2025-02-08,3
20515,7,2025-07-06,1
20570,11,2021-10-31,3
20570,2,2022-07-04,1
24688,3,2023-02-24,2
23274,15,2022-06-04,5
23274,8,2022-12-29,3
23274,8,2022-12-17,3
20235,5,2024-09-21,5
20235,7,2024-07-10,5
20235,14,2024-12-23,5
20235,10,2025-02-18,4
20235,11,2025-02-01,1
21487,14,2023-11-30,1
21487,2,2024-01-17,5
21487,2,2024-01-02,2
20469,4,2022-10-28,5
20469,4,2022-07-26,5
20469,3,2022-03-13,2
20469,11,2022-10-11,1
20469,3,2022-07-10,1
20206,9,2023-07-21,5
20206,2,2023-08-31,2
20206,4,2023-10-25,2
20206,9,2024-01-07,1
20206,9,2023-07-08,3
22201,2,2023-07-29,4
24123,4,2023-01-21,5
24123,12,2023-05-09,5
24123,4,2022-12-15,2
24123,13,2023-03-30,4
24352,3,2022-05-20,2
24352,15,2022-05-18,3
24352,11,2022-12-24,3
24727,12,2023-12-16,3
24727,12,2023-04-19,3
24727,9,2023-11-05,1
24727,5,2023-12-29,3
23323,15,2022-10-06,5
23323,7,2023-01-01,3
23323,12,2023-08-12,4
22895,8,2024-11-02,3
22895,9,2025-05-02,4
22895,2,2025-05-24,1
23250,5,2022-12-31,2
23250,15,2022-10-11,1
23250,8,2023-06-11,5
23250,3,2022-09-05,2
21397,4,2024-11-10,2
21397,13,2024-01-22,5
21397,6,2023-07-13,2
21891,7,2024-10-02,2
21891,11,2025-01-26,1
21891,1,2024-12-25,2
21891,1,2024-11-26,2
22433,15,2024-12-15,4
22433,2,2024-03-05,4
22433,4,2024-01-27,2
22433,7,2024-09-20,1
21433,5,2022-10-15,5
21433,6,2022-08-30,3
21433,11,2022-08-11,3
21433,5,2022-10-20,1
21433,14,2022-09-18,1
24256,4,2022-09-11,3
24256,2,2022-09-17,2
24256,4,2021-12-05,4
20675,6,2023-12-19,5
20675,11,2023-12-20,1
20675,15,2023-11-08,3
20675,3,2024-01-20,4
20675,7,2023-12-12,5
24390,5,2023-05-15,5
24390,2,2023-08-18,4
24390,5,2023-12-27,3
23772,15,2025-08-02,2
23772,2,2025-10-03,1
23772,6,2025-09-15,2
23007,1,2023-08-18,1
23007,10,2023-11-06,5
22499,13,2023-07-04,2
22499,5,2023-09-22,1
21296,14,2022-10-01,5
21296,2,2022-07-02,3
21296,2,2022-08-21,3
20554,5,2021-09-01,2
20554,2,2022-01-14,4
20554,11,2022-03-22,1
20554,5,2022-01-01,2
20554,14,2022-08-08,5
24677,2,2022-05-05,3
23715,1,2023-10-10,5
23715,3,2023-10-19,3
23715,4,2023-07-17,2
23715,4,2023-11-16,5
24510,12,2023-07-25,3
24510,10,2023-10-02,2
24510,9,2023-08-26,3
24510,7,2023-07-22,3
24510,4,2023-09-18,1
23520,2,2025-07-28,4
23520,4,2025-02-18,5
23520,6,2025-03-20,2
23520,3,2025-08-07,5
24995,2,2025-02-03,3
21473,12,2023-03-27,2
21473,3,2023-04-16,2
24885,10,2022-11-30,1
24885,7,2023-05-16,3
24885,4,2023-05-16,1
20380,4,2025-01-02,3
23309,11,2024-12-04,2
23309,5,2024-10-20,2
23309,15,2025-01-02,3
21974,10,2024-08-03,5
21974,1,2024-12-07,2
21974,4,2025-01-14,3
21974,12,2024-09-07,4
20743,2,2023-03-04,4
24269,5,2023-01-04,1
24269,7,2022-11-16,4
24269,5,2023-04-19,5
23087,5,2021-08-27,5
23087,9,2022-05-28,1
22153,7,2024-04-19,3
24778,1,2023-11-08,2
24778,3,2023-12-09,3
24778,3,2023-08-05,4
20764,4,2025-03-28,4
24079,1,2022-06-02,5
24079,12,2022-06-18,2
24079,13,2022-05-05,1
23022,8,2023-02-17,1
23022,12,2023-03-12,3
23022,3,2023-02-07,3
21525,6,2024-03-17,1
21525,9,2023-11-24,2
21525,5,2023-11-29,3
21525,6,2024-05-05,5
21525,4,2024-04-21,2
22954,15,2024-03-04,4
22954,3,2024-04-07,5
22954,10,2024-04-23,1
22954,10,2024-05-19,4
22954,2,2023-04-01,3
21196,2,2023-08-29,1
21196,10,2023-12-30,2
23680,9,2024-03-12,3
23680,1,2024-05-26,2
20101,11,2024-08-04,5
24722,12,2024-04-09,3
24722,2,2024-09-19,2
24722,12,2025-03-11,4
24722,1,2024-06-25,5
22007,11,2023-10-28,3
22007,1,2023-11-07,5
21514,14,2023-11-18,5
21063,11,2023-12-13,3
21063,2,2024-01-16,2
21063,4,2023-11-30,5
21063,11,2023-11-29,4
24244,11,2023-01-07,2
24663,1,2024-06-23,1
24663,14,2024-08-18,3
24663,2,2024-05-02,4
24663,5,2024-05-18,1
24663,14,2024-06-16,2
24492,9,2023-08-09,5
24492,6,2023-07-19,5
24492,15,2023-10-02,1
24492,15,2023-07-23,5
22682,5,2024-09-04,4
22682,4,2024-06-07,5
22682,10,2024-06-21,5
22682,1,2024-09-10,3
22682,10,2024-10-07,3
22254,3,2023-01-24,3
22254,3,2023-06-12,2
20664,15,2025-07-21,4
20664,15,2024-10-03,4
20664,8,2025-09-18,4
22843,14,2023-11-19,2
22843,12,2023-12-27,1
22843,14,2024-01-08,4
23161,13,2022-12-27,1
23251,5,2025-04-15,2
23251,2,2025-06-23,5
23251,1,2025-05-28,3
23251,12,2025-04-26,3
20861,4,2023-05-20,2
21735,7,2023-06-17,1
21735,2,2023-11-12,2
21735,10,2024-01-15,5
21735,13,2023-08-09,3
21735,13,2023-09-17,2
21413,14,2023-01-16,2
21413,15,2022-09-17,4
24279,2,2022-10-21,4
24279,14,2022-10-19,2
24279,1,2022-07-29,4
24279,11,2022-09-08,4
24279,5,2022-10-05,1
20429,9,2022-08-18,1
20429,5,2022-08-22,2
21061,13,2024-12-02,4
21061,9,2024-12-07,5
22976,3,2023-08-18,4
22976,14,2023-08-22,2
22976,13,2023-07-13,5
22885,5,2024-02-10,4
22885,1,2023-12-16,3
22885,4,2024-01-08,1
22885,1,2023-12-21,4
22885,15,2024-01-02,2
23197,12,2024-10-18,4
23197,2,2024-12-22,5
23197,14,2024-11-24,1
24332,2,2023-08-30,2
23419,2,2023-11-14,5
23419,4,2023-11-26,3
21851,13,2023-06-06,3
21851,9,2023-05-02,2
22208,15,2021-12-16,3
22208,1,2021-10-03,3
22208,14,2022-01-27,5
22208,8,2021-10-02,1
23334,2,2022-11-17,1
23334,1,2022-10-25,1
23334,7,2022-09-23,5
23334,14,2022-09-10,2
23334,5,2022-09-09,4
22346,13,2023-12-23,2
22346,3,2023-12-15,4
22818,4,2025-05-10,2
22818,9,2024-08-20,4
22818,3,2024-08-24,4
24719,4,2022-03-28,1
24719,4,2022-02-25,5
24719,4,2022-02-06,4
24719,4,2022-04-18,4
24912,13,2025-10-10,5
24912,1,2025-02-22,2
24912,3,2025-08-02,4
24912,11,2025-05-02,4
24912,12,2025-06-27,4
20162,2,2023-03-27,4
20162,5,2023-04-07,4
20162,12,2023-10-06,1
20162,1,2023-12-20,2
23222,3,2025-04-22,3
23222,1,2025-10-01,3
22241,2,2025-04-06,3
22241,2,2025-04-20,3
24046,6,2025-05-15,5
24046,14,2025-07-12,2
24046,14,2025-07-31,5
24295,4,2024-01-08,4
24295,10,2022-12-18,2
24295,15,2024-01-02,5
24295,4,2023-05-09,5
24295,14,2022-11-06,4
21179,9,2024-05-12,5
22406,15,2025-06-11,3
22406,2,2025-07-29,4
22406,3,2025-01-29,2
22406,13,2025-07-08,4
22406,14,2025-04-28,4
24541,5,2023-03-04,5
20267,3,2023-12-24,3
20267,13,2024-05-10,4
20267,2,2024-04-30,3
24291,2,2022-08-21,4
20873,2,2023-05-18,3
20762,1,2024-06-11,3
20762,14,2023-04-18,4
20981,8,2022-06-03,1
20981,1,2022-03-01,1
21718,3,2024-01-12,1
21718,4,2024-02-29,5
21718,2,2023-06-08,2
21718,2,2024-01-08,4
23780,7,2023-06-26,4
23780,2,2023-05-04,4
23780,10,2023-10-30,2
23780,11,2023-01-08,2
23780,5,2023-07-15,1
24676,15,2022-06-01,4
24676,3,2022-07-22,5
20720,2,2023-04-08,2
20720,10,2023-03-23,2
20720,15,2023-01-26,1
20720,15,2023-02-20,2
20016,9,2022-05-19,3
20016,13,2022-08-23,4
20016,6,2022-10-18,1
20016,5,2022-07-08,5
21066,3,2025-04-03,5
21066,3,2025-01-02,5
21066,2,2024-04-06,5
21066,5,2024-12-02,2
21066,9,2024-02-28,1
24698,3,2025-03-08,4
24698,1,2025-03-25,1
24698,4,2024-08-08,3
24698,6,2025-02-23,2
23413,10,2025-10-02,4
23413,7,2025-04-29,1
23413,2,2025-05-28,5
20426,1,2022-12-18,2
21469,11,2023-06-08,4
21469,14,2023-07-09,1
21469,14,2024-02-27,4
21469,1,2024-01-11,5
21469,2,2024-05-08,4
22008,6,2024-02-01,4
22008,6,2022-06-13,2
22008,15,2023-08-22,2
22008,5,2023-04-23,3
22334,1,2024-05-06,1
20802,7,2024-03-07,2
20802,5,2023-12-09,2
20802,7,2024-05-03,1
20802,2,2024-05-04,5
23659,2,2023-08-02,4
23659,14,2023-06-05,3
23659,2,2023-08-22,2
23659,4,2023-07-14,3
24930,3,2022-07-05,4
23471,6,2023-02-20,4
23471,11,2023-07-13,1
23471,4,2023-06-14,5
23471,2,2023-06-22,5
22568,6,2024-05-07,4
24238,13,2023-02-21,4
24238,11,2023-07-10,2
23405,3,2023-07-01,5
23405,5,2023-07-04,5
21984,4,2023-07-05,4
24704,1,2024-01-02,5
24704,1,2024-04-29,2
22381,5,2023-11-12,4
22381,2,2023-12-15,4
22381,13,2024-02-11,2
22381,2,2024-02-04,4
22381,1,2024-02-11,2
21405,9,2024-05-04,1
21405,2,2023-12-28,2
21405,9,2024-09-20,5
21405,5,2024-09-10,4
21405,10,2023-12-03,1
21354,7,2021-11-24,5
21354,4,2021-11-25,4
23942,7,2023-03-19,4
23942,9,2023-05-17,5
20364,5,2022-02-24,3
24807,1,2022-10-06,4
24807,5,2023-01-02,2
24807,6,2023-01-27,1
24807,10,2022-10-22,4
24807,1,2022-06-06,3
24342,1,2025-02-19,2
24342,14,2024-07-14,2
20230,8,2023-05-15,2
20971,13,2025-01-05,3
20971,10,2025-07-30,2
20862,4,2023-08-25,3
20862,14,2023-05-23,2
20862,12,2023-06-29,4
20862,1,2023-04-28,5
24872,5,2024-02-18,2
24872,8,2024-01-25,5
23423,13,2023-01-01,2
23423,15,2022-10-20,5
24813,14,2023-11-26,5
24813,1,2023-12-04,4
24813,6,2023-12-02,2
21928,5,2022-07-04,2
21928,4,2022-06-23,3
21928,14,2022-07-26,3
23140,14,2023-10-20,3
23140,10,2023-03-04,5
23140,15,2023-07-15,4
20501,12,2024-02-17,5
20501,4,2023-12-07,4
20501,9,2024-01-25,1
21040,4,2022-07-22,5
21040,14,2022-06-03,4
21040,5,2022-01-31,2
21040,12,2021-10-22,5
21040,2,2021-10-10,4
24861,13,2022-05-08,5
24861,10,2022-08-27,1
24861,2,2022-10-05,1
24861,10,2023-09-18,5
24861,12,2023-09-14,1
24772,3,2023-10-07,1
24772,1,2023-04-12,2
24772,4,2024-01-08,5
20465,13,2023-12-02,4
20465,3,2023-10-14,2
20465,5,2023-10-31,3
20465,2,2023-09-30,5
21905,8,2024-05-17,1
21905,2,2024-07-07,2
21905,3,2024-06-26,1
21905,5,2024-03-15,1
21905,11,2024-01-20,1
20966,6,2024-07-26,4
20966,1,2024-09-04,1
20966,3,2024-10-30,4
20966,3,2024-07-13,4
22025,3,2023-07-23,3
22025,9,2023-06-23,3
22025,10,2023-07-21,4
22025,4,2023-07-08,1
22025,14,2023-07-19,2
21236,9,2022-09-12,2
21236,6,2022-08-21,3
23582,4,2025-07-17,3
23582,5,2025-08-16,5
23582,12,2025-04-30,2
23582,4,2025-08-20,1
23582,2,2024-10-30,4
23030,11,2023-09-15,5
23030,2,2024-02-04,5
21924,8,2024-06-07,4
21924,10,2024-03-28,2
21924,2,2024-04-28,3
22410,10,2023-01-18,2
22410,5,2023-08-20,3
20891,3,2023-03-10,1
20891,5,2023-04-24,4
20891,5,2023-07-22,1
20891,6,2023-10-03,4
20891,1,2024-01-29,1
24078,13,2024-02-11,2
24078,9,2024-04-08,2
21611,4,2022-07-26,1
21611,15,2022-04-04,3
24156,4,2024-06-14,4
24156,5,2024-09-12,2
24156,3,2024-11-11,2
24156,9,2025-06-21,2
24156,1,2024-09-07,4
21701,8,2024-11-23,3
21701,1,2025-03-27,3
21701,9,2025-03-28,4
21701,12,2025-07-28,1
21701,4,2025-09-22,5
23821,13,2023-04-03,4
23821,4,2023-07-24,4
23821,11,2023-05-03,5
23821,8,2023-08-22,1
23821,9,2023-04-30,4
23823,2,2025-10-26,5
23823,2,2025-05-08,5
23823,4,2025-09-14,4
23823,15,2025-10-23,1
23823,3,2025-05-26,2
21198,2,2024-05-25,3
21198,2,2024-02-02,5
21198,15,2024-01-29,3
22261,3,2023-02-28,4
22261,9,2022-08-16,1
20232,4,2022-05-24,5
20232,5,2022-09-07,2
20232,14,2022-09-10,1
20232,9,2022-09-08,2
20665,11,2024-10-20,4
21646,5,2024-01-06,1
21646,11,2025-03-30,5
20310,3,2023-11-14,5
20310,3,2023-07-21,5
20310,5,2023-04-05,4
20310,2,2023-01-28,3
20310,15,2023-04-02,2
21240,9,2022-11-23,4
22386,5,2025-05-02,1
22386,14,2025-06-17,2
21062,3,2025-07-24,5
21062,12,2025-05-10,4
21062,1,2025-02-26,1
20210,1,2023-11-20,2
20210,5,2023-10-20,2
20210,3,2023-12-18,1
21427,3,2023-06-04,2
21427,10,2023-11-29,2
21427,4,2023-07-08,1
21427,14,2023-06-21,1
21427,14,2023-12-28,2
20973,14,2022-08-18,2
20973,11,2022-09-26,2
20018,4,2024-09-14,1
20018,14,2024-09-17,5
24977,11,2023-06-20,3
21298,6,2023-09-12,2
21298,4,2023-10-01,2
21298,1,2023-07-18,4
20716,15,2022-12-29,1
20716,11,2023-02-11,2
23953,3,2023-05-02,5
20938,5,2024-01-02,1
20938,1,2024-01-10,2
24509,4,2022-08-28,3
24509,1,2023-04-22,4
24509,3,2023-02-14,5
22078,8,2023-03-11,2
22078,4,2023-09-21,1
22078,1,2023-04-06,5
21764,10,2023-10-12,2
21764,15,2024-03-15,4
21764,5,2024-06-02,4
20926,4,2023-12-29,2
20926,4,2023-09-28,2
20926,3,2023-07-03,3
20926,5,2024-04-03,5
24141,2,2024-05-31,5
24141,14,2024-03-22,1
24141,4,2024-04-14,4
24141,6,2024-05-10,5
20233,7,2025-05-04,2
20233,8,2025-09-26,3
20233,6,2025-05-08,1
21958,1,2023-07-02,1
21958,4,2023-03-06,5
23012,11,2024-08-25,4
23971,7,2023-12-15,5
23301,3,2022-03-27,3
23301,8,2022-03-07,1
23301,12,2022-02-22,2
23301,9,2022-05-21,5
20782,11,2024-10-07,2
20393,3,2023-02-13,5
20393,4,2023-02-08,2
20393,2,2023-02-01,4
22155,2,2024-06-13,5
22155,2,2024-05-17,5
22155,13,2023-10-31,3
22155,2,2024-01-18,5
20321,4,2023-11-06,4
20321,14,2023-09-28,2
24721,3,2025-05-26,1
24721,13,2024-12-27,4
24721,15,2025-03-19,5
24721,7,2023-09-19,1
24721,1,2024-11-12,4
22855,15,2022-10-12,4
22855,2,2022-11-15,5
22855,11,2022-09-23,2
21807,1,2023-01-11,1
21807,13,2023-03-13,1
23469,1,2025-01-10,2
23469,11,2024-02-09,1
23469,6,2024-03-24,3
23469,5,2024-04-07,5
23469,15,2024-12-08,5
23192,2,2025-02-06,4
23192,1,2025-05-15,5
23192,11,2025-02-05,1
23235,9,2024-10-07,2
23235,3,2025-06-13,2
21948,6,2022-06-16,5
21948,13,2022-01-02,2
21948,7,2022-02-03,1
20974,15,2024-02-10,2
20974,14,2024-04-18,1
20974,11,2024-09-19,4
20974,5,2024-05-24,1
24099,10,2023-10-15,4
24099,14,2023-07-09,3
24099,5,2023-12-30,2
24125,4,2023-01-05,2
22508,7,2022-09-09,4
22508,2,2023-01-22,4
22508,2,2023-02-24,5
20391,8,2022-04-13,2
24984,8,2022-01-08,3
24984,8,2022-09-11,5
24984,4,2021-11-26,2
24984,4,2022-08-16,1
23256,8,2023-11-03,5
23256,14,2023-10-28,2
23256,4,2023-11-20,5
23256,3,2023-10-22,4
23256,2,2024-01-24,5
24817,14,2021-11-02,2
24817,11,2021-11-26,4
24817,3,2021-12-25,5
24361,9,2025-03-17,5
21287,14,2023-08-26,3
21287,8,2023-04-29,5
22163,2,2025-09-04,1
22163,3,2025-06-03,3
22163,1,2025-10-12,4
23838,9,2022-11-11,3
20741,7,2023-01-18,3
20741,3,2023-02-25,2
20741,8,2023-05-25,5
24283,13,2025-02-01,4
24283,1,2025-03-19,2
24283,7,2024-08-16,1
24283,5,2025-06-19,5
24283,5,2024-08-30,2
23859,14,2024-10-16,4
23859,10,2024-09-08,2
23859,9,2024-10-04,5
23859,3,2024-09-09,2
23859,10,2024-10-23,2
21940,3,2023-11-10,2
21940,13,2025-01-03,5
21871,8,2022-08-22,5
21871,5,2022-10-07,2
21871,2,2022-09-20,1
21871,10,2022-11-03,1
24825,4,2023-07-18,2
24913,5,2024-01-25,1
24913,4,2024-02-15,5
22089,4,2023-09-01,3
22089,3,2023-09-12,4
22089,3,2023-11-13,3
22089,2,2023-12-26,4
22089,5,2023-09-20,1
24155,6,2024-07-17,2
24155,4,2024-06-21,2
24155,9,2024-08-04,4
20283,2,2024-02-16,3
20283,2,2024-01-10,4
22795,11,2025-09-02,5
22795,14,2025-05-01,5
22795,9,2025-01-09,4
22795,10,2025-06-26,3
21561,1,2022-08-22,4
23461,5,2023-01-12,1
23461,14,2023-01-29,1
23461,1,2022-12-30,1
23461,2,2022-12-14,5
24889,5,2023-05-14,2
24889,8,2023-12-08,1
24889,2,2023-01-23,2
24821,8,2024-01-07,4
24821,9,2023-12-17,2
24714,12,2023-05-09,1
24714,8,2023-02-04,2
24714,2,2023-05-08,4
24714,15,2022-07-21,4
24714,10,2022-12-17,1
21137,8,2022-12-22,1
21137,13,2023-01-12,2
21137,11,2023-02-16,3
21137,14,2023-02-21,1
21137,5,2022-09-22,5
21875,2,2025-05-23,3
21875,8,2025-05-26,1
21875,2,2025-06-27,5
20031,4,2021-09-21,2
20167,2,2023-07-19,2
20167,9,2023-07-06,3
23011,12,2022-09-01,2
23011,3,2022-09-18,1
23011,7,2022-08-22,5
24738,2,2023-03-17,1
24738,8,2023-02-02,3
24738,1,2023-03-10,4
24738,5,2023-02-03,1
24738,14,2023-05-15,3
23221,3,2025-11-12,1
23221,6,2025-07-22,4
23221,4,2025-05-11,2
23221,4,2025-06-08,1
22923,1,2025-01-19,1
22923,3,2025-02-26,4
22923,5,2024-11-05,4
24972,1,2024-08-13,5
24972,1,2024-07-27,5
24972,9,2024-07-28,3
24972,2,2024-06-17,1
22734,2,2021-09-21,3
22734,5,2021-08-21,3
22734,3,2021-08-15,3
24552,13,2023-06-23,4
24552,13,2023-08-11,1
24333,5,2024-02-10,2
23147,3,2024-11-24,1
23147,4,2025-01-04,4
23147,2,2025-01-17,4
23147,15,2024-09-20,1
